-- phpMyAdmin SQL Dump
-- version 5.0.4
-- https://www.phpmyadmin.net/
--
-- Servidor: 127.0.0.1
-- Tiempo de generación: 15-07-2021 a las 05:57:46
-- Versión del servidor: 10.4.17-MariaDB
-- Versión de PHP: 8.0.2

SET SQL_MODE = "NO_AUTO_VALUE_ON_ZERO";
START TRANSACTION;
SET time_zone = "+00:00";


/*!40101 SET @OLD_CHARACTER_SET_CLIENT=@@CHARACTER_SET_CLIENT */;
/*!40101 SET @OLD_CHARACTER_SET_RESULTS=@@CHARACTER_SET_RESULTS */;
/*!40101 SET @OLD_COLLATION_CONNECTION=@@COLLATION_CONNECTION */;
/*!40101 SET NAMES utf8mb4 */;

--
-- Base de datos: `hoteloasis`
--

-- --------------------------------------------------------

--
-- Estructura de tabla para la tabla `calendario`
--

CREATE TABLE `calendario` (
  `id` int(11) NOT NULL,
  `fecha` date DEFAULT NULL,
  `hora_inicio` time DEFAULT NULL,
  `hora_final` time DEFAULT NULL,
  `duracion` int(11) DEFAULT NULL,
  `dia` int(11) DEFAULT NULL COMMENT '0 lunes\n1 martes\n….\n'
) ENGINE=InnoDB DEFAULT CHARSET=utf8;

--
-- Volcado de datos para la tabla `calendario`
--

INSERT INTO `calendario` (`id`, `fecha`, `hora_inicio`, `hora_final`, `duracion`, `dia`) VALUES
(1, NULL, '18:31:00', '20:00:00', NULL, 4),
(2, NULL, '16:00:00', '22:00:00', NULL, 6),
(3, NULL, '04:00:00', '22:00:00', NULL, 1),
(4, NULL, '04:00:00', '22:00:00', NULL, 5),
(5, NULL, '20:00:00', '22:00:00', NULL, 1),
(6, NULL, '20:00:00', '22:00:00', NULL, 5),
(7, NULL, '12:00:00', '13:00:00', NULL, 0),
(8, NULL, '12:00:00', '13:00:00', NULL, 1),
(9, NULL, '12:00:00', '13:00:00', NULL, 2),
(10, NULL, '12:00:00', '13:00:00', NULL, 3),
(11, NULL, '12:00:00', '13:00:00', NULL, 4),
(12, NULL, '12:00:00', '13:00:00', NULL, 5),
(13, NULL, '12:00:00', '13:00:00', NULL, 6),
(14, NULL, '20:00:00', '22:00:00', NULL, 1),
(15, NULL, '20:00:00', '22:00:00', NULL, 5),
(16, NULL, '20:00:00', '21:30:00', NULL, 1),
(17, NULL, '20:00:00', '21:30:00', NULL, 5),
(18, NULL, '18:30:00', '20:30:00', NULL, 0),
(19, NULL, '18:30:00', '20:30:00', NULL, 2),
(20, NULL, '18:30:00', '20:30:00', NULL, 3),
(21, NULL, '18:30:00', '20:30:00', NULL, 4),
(22, NULL, '18:30:00', '20:30:00', NULL, 5),
(23, NULL, '18:30:00', '20:30:00', NULL, 6),
(24, NULL, '19:00:00', '22:00:00', NULL, 0),
(25, NULL, '19:00:00', '22:00:00', NULL, 1),
(26, NULL, '19:00:00', '22:00:00', NULL, 2),
(27, NULL, '19:00:00', '22:00:00', NULL, 3),
(28, NULL, '19:00:00', '22:00:00', NULL, 4),
(29, NULL, '19:00:00', '22:00:00', NULL, 5),
(30, NULL, '19:00:00', '22:00:00', NULL, 6),
(31, NULL, '19:00:00', '21:00:00', NULL, 0),
(32, NULL, '19:00:00', '21:00:00', NULL, 2),
(33, NULL, '19:00:00', '21:00:00', NULL, 3),
(34, NULL, '19:00:00', '21:00:00', NULL, 4),
(35, NULL, '19:00:00', '21:00:00', NULL, 6),
(36, NULL, '19:00:00', '21:00:00', NULL, 5),
(37, NULL, '19:00:00', '20:00:00', NULL, 3),
(38, NULL, '19:00:00', '20:00:00', NULL, 1),
(39, NULL, '19:00:00', '20:00:00', NULL, 5),
(40, NULL, '19:00:00', '20:00:00', NULL, 6),
(41, NULL, '20:00:00', '21:30:00', NULL, 3),
(42, NULL, '20:00:00', '21:30:00', NULL, 6),
(43, NULL, '21:00:00', '22:45:00', NULL, 1),
(44, NULL, '21:00:00', '22:45:00', NULL, 2),
(45, NULL, '21:00:00', '22:45:00', NULL, 3),
(46, NULL, '21:00:00', '22:45:00', NULL, 4),
(47, NULL, '21:00:00', '22:45:00', NULL, 5),
(48, NULL, '21:00:00', '22:45:00', NULL, 6),
(49, NULL, '21:00:00', '22:45:00', NULL, 0),
(50, NULL, '19:00:00', '22:00:00', NULL, 1),
(51, NULL, '19:00:00', '22:00:00', NULL, 2),
(52, NULL, '19:00:00', '22:00:00', NULL, 5),
(53, NULL, '19:00:00', '22:00:00', NULL, 3),
(54, NULL, '19:00:00', '22:00:00', NULL, 6),
(55, NULL, '19:00:00', '22:00:00', NULL, 4),
(56, NULL, '20:00:00', '22:00:00', NULL, 1),
(57, NULL, '20:00:00', '22:00:00', NULL, 3),
(58, NULL, '20:00:00', '22:00:00', NULL, 5),
(59, NULL, '20:00:00', '22:00:00', NULL, 0),
(60, NULL, '19:00:00', '22:00:00', NULL, 2),
(61, NULL, '20:00:00', '22:00:00', NULL, 4),
(62, NULL, '20:00:00', '22:00:00', NULL, 6),
(63, NULL, '21:00:00', '23:00:00', NULL, 2),
(64, NULL, '19:00:00', '21:00:00', NULL, 0),
(65, NULL, '20:00:00', '01:00:00', NULL, 1),
(66, NULL, '20:00:00', '01:00:00', NULL, 3),
(67, NULL, '20:00:00', '01:00:00', NULL, 5),
(68, NULL, '20:00:00', '01:00:00', NULL, 2),
(69, NULL, '20:00:00', '01:00:00', NULL, 0),
(70, NULL, '20:00:00', '01:00:00', NULL, 4),
(71, NULL, '20:00:00', '01:00:00', NULL, 6),
(72, NULL, '23:00:00', '01:00:00', NULL, 2),
(73, NULL, '23:00:00', '01:00:00', NULL, 4),
(74, NULL, '23:00:00', '01:00:00', NULL, 6),
(75, NULL, '22:00:00', '00:00:00', NULL, 1),
(76, NULL, '20:30:00', '23:00:00', NULL, 2),
(77, NULL, '21:00:00', '23:00:00', NULL, 4),
(78, NULL, '22:00:00', '00:00:00', NULL, 5),
(79, NULL, '23:00:00', '01:00:00', NULL, 1),
(80, NULL, '22:00:00', '01:00:00', NULL, 2),
(81, NULL, '22:00:00', '00:00:00', NULL, 3),
(82, NULL, '22:00:00', '00:00:00', NULL, 4),
(83, NULL, '23:00:00', '01:00:00', NULL, 5),
(84, NULL, '22:00:00', '00:00:00', NULL, 6),
(85, NULL, '08:00:00', '09:00:00', NULL, 2),
(86, NULL, '08:00:00', '09:00:00', NULL, 1),
(87, NULL, '08:00:00', '09:00:00', NULL, 3),
(88, NULL, '08:00:00', '09:00:00', NULL, 4),
(89, NULL, '08:00:00', '09:00:00', NULL, 5),
(90, NULL, '08:00:00', '09:00:00', NULL, 6),
(91, NULL, '09:00:00', '10:00:00', NULL, 2),
(92, NULL, '09:00:00', '10:00:00', NULL, 3),
(93, NULL, '09:00:00', '10:00:00', NULL, 1),
(94, NULL, '09:00:00', '10:00:00', NULL, 4),
(95, NULL, '09:00:00', '10:00:00', NULL, 5),
(96, NULL, '09:00:00', '10:00:00', NULL, 6),
(97, NULL, '11:00:00', '12:00:00', NULL, 0),
(98, NULL, '11:00:00', '12:00:00', NULL, 1),
(99, NULL, '11:00:00', '12:00:00', NULL, 2),
(100, NULL, '11:00:00', '12:00:00', NULL, 3),
(101, NULL, '11:00:00', '12:00:00', NULL, 4),
(102, NULL, '11:00:00', '12:00:00', NULL, 5),
(103, NULL, '11:00:00', '12:00:00', NULL, 6),
(104, NULL, '12:00:00', '13:00:00', NULL, 1),
(105, NULL, '12:00:00', '13:00:00', NULL, 3),
(106, NULL, '12:00:00', '13:00:00', NULL, 5),
(107, NULL, '10:00:00', '11:00:00', NULL, 1),
(108, NULL, '10:00:00', '11:00:00', NULL, 3),
(109, NULL, '10:00:00', '11:00:00', NULL, 5),
(110, NULL, '12:00:00', '13:00:00', NULL, 0),
(111, NULL, '16:00:00', '17:00:00', NULL, 0),
(112, NULL, '12:00:00', '13:00:00', NULL, 1),
(113, NULL, '16:00:00', '17:00:00', NULL, 1),
(114, NULL, '12:00:00', '13:00:00', NULL, 2),
(115, NULL, '16:00:00', '17:00:00', NULL, 2),
(116, NULL, '12:00:00', '13:00:00', NULL, 3),
(117, NULL, '16:00:00', '17:00:00', NULL, 3),
(118, NULL, '12:00:00', '13:00:00', NULL, 4),
(119, NULL, '16:00:00', '17:00:00', NULL, 4),
(120, NULL, '12:00:00', '13:00:00', NULL, 5),
(121, NULL, '16:00:00', '17:00:00', NULL, 5),
(122, NULL, '12:00:00', '13:00:00', NULL, 6),
(123, NULL, '16:00:00', '17:00:00', NULL, 6),
(124, NULL, '17:00:00', '18:00:00', NULL, 0),
(125, NULL, '17:00:00', '18:00:00', NULL, 1),
(126, NULL, '17:00:00', '18:00:00', NULL, 3),
(127, NULL, '17:00:00', '18:00:00', NULL, 5),
(128, NULL, '17:00:00', '18:00:00', NULL, 6),
(129, NULL, '17:00:00', '18:00:00', NULL, 2),
(130, NULL, '17:00:00', '18:00:00', NULL, 4),
(131, NULL, '15:00:00', '16:00:00', NULL, 0),
(132, NULL, '15:00:00', '16:00:00', NULL, 1),
(133, NULL, '15:00:00', '16:00:00', NULL, 2),
(134, NULL, '15:00:00', '16:00:00', NULL, 3),
(135, NULL, '15:00:00', '16:00:00', NULL, 4),
(136, NULL, '15:00:00', '16:00:00', NULL, 5),
(137, NULL, '15:00:00', '16:00:00', NULL, 6),
(138, NULL, '12:00:00', '13:00:00', NULL, 0),
(139, NULL, '17:00:00', '18:00:00', NULL, 0),
(140, NULL, '12:00:00', '13:00:00', NULL, 1),
(141, NULL, '17:00:00', '18:00:00', NULL, 1),
(142, NULL, '12:00:00', '13:00:00', NULL, 4),
(143, NULL, '17:00:00', '18:00:00', NULL, 4),
(144, NULL, '12:00:00', '13:00:00', NULL, 2),
(145, NULL, '12:00:00', '13:00:00', NULL, 5),
(146, NULL, '12:00:00', '13:00:00', NULL, 3),
(147, NULL, '12:00:00', '13:00:00', NULL, 6),
(148, NULL, '13:00:00', '14:00:00', NULL, 0),
(149, NULL, '13:00:00', '14:00:00', NULL, 1),
(150, NULL, '13:00:00', '14:00:00', NULL, 2),
(151, NULL, '13:00:00', '14:00:00', NULL, 3),
(152, NULL, '13:00:00', '14:00:00', NULL, 4),
(153, NULL, '13:00:00', '14:00:00', NULL, 5),
(154, NULL, '13:00:00', '14:00:00', NULL, 6),
(155, NULL, '10:00:00', '18:00:00', NULL, 0),
(156, NULL, '10:00:00', '18:00:00', NULL, 1),
(157, NULL, '10:00:00', '18:00:00', NULL, 2),
(158, NULL, '10:00:00', '18:00:00', NULL, 3),
(159, NULL, '10:00:00', '18:00:00', NULL, 4),
(160, NULL, '10:00:00', '18:00:00', NULL, 5),
(161, NULL, '10:00:00', '18:00:00', NULL, 6),
(162, NULL, '08:00:00', '16:00:00', NULL, 1),
(163, NULL, '08:00:00', '16:00:00', NULL, 2),
(164, NULL, '08:00:00', '16:00:00', NULL, 3),
(165, NULL, '08:00:00', '16:00:00', NULL, 4),
(166, NULL, '08:00:00', '16:00:00', NULL, 5),
(167, NULL, '08:00:00', '16:00:00', NULL, 6),
(168, NULL, '08:00:00', '17:00:00', NULL, 1),
(169, NULL, '08:00:00', '17:00:00', NULL, 2),
(170, NULL, '08:00:00', '17:00:00', NULL, 3),
(171, NULL, '08:00:00', '17:00:00', NULL, 4),
(172, NULL, '08:00:00', '17:00:00', NULL, 5),
(173, NULL, '08:00:00', '17:00:00', NULL, 6),
(174, NULL, '17:00:00', '18:00:00', NULL, 2),
(175, NULL, '17:00:00', '18:00:00', NULL, 4),
(176, NULL, '12:00:00', '13:00:00', NULL, 3),
(177, NULL, '12:00:00', '13:00:00', NULL, 6),
(178, NULL, '12:00:00', '13:00:00', NULL, 3),
(179, NULL, '12:00:00', '13:00:00', NULL, 6),
(180, NULL, '15:00:00', '20:00:00', NULL, 0),
(181, NULL, '12:00:00', '13:00:00', NULL, 2),
(182, NULL, '12:00:00', '13:00:00', NULL, 6),
(183, NULL, '20:00:00', '01:00:00', NULL, 2),
(184, NULL, '20:00:00', '01:00:00', NULL, 2),
(185, NULL, '12:00:00', '13:00:00', NULL, 2),
(186, NULL, '12:00:00', '13:00:00', NULL, 0),
(187, NULL, '12:00:00', '13:00:00', NULL, 1),
(188, NULL, '12:00:00', '13:00:00', NULL, 3),
(189, NULL, '12:00:00', '13:00:00', NULL, 4),
(190, NULL, '12:00:00', '13:00:00', NULL, 5),
(191, NULL, '12:00:00', '13:00:00', NULL, 6),
(192, NULL, '12:00:00', '13:00:00', NULL, 1),
(193, NULL, '07:00:00', '20:00:00', NULL, 0),
(194, NULL, '07:00:00', '20:00:00', NULL, 1),
(195, NULL, '07:00:00', '20:00:00', NULL, 2),
(196, NULL, '07:00:00', '20:00:00', NULL, 3),
(197, NULL, '07:00:00', '20:00:00', NULL, 4),
(198, NULL, '07:00:00', '20:00:00', NULL, 5),
(199, NULL, '07:00:00', '20:00:00', NULL, 6),
(200, NULL, '07:00:00', '20:00:00', NULL, 0),
(201, NULL, '07:00:00', '20:00:00', NULL, 1),
(202, NULL, '07:00:00', '20:00:00', NULL, 2),
(203, NULL, '07:00:00', '20:00:00', NULL, 3),
(204, NULL, '07:00:00', '20:00:00', NULL, 4),
(205, NULL, '07:00:00', '20:00:00', NULL, 5),
(206, NULL, '07:00:00', '20:00:00', NULL, 6),
(207, NULL, '08:00:00', '18:00:00', NULL, 0),
(208, NULL, '08:00:00', '18:00:00', NULL, 1),
(209, NULL, '08:00:00', '18:00:00', NULL, 2),
(210, NULL, '08:00:00', '18:00:00', NULL, 3),
(211, NULL, '08:00:00', '18:00:00', NULL, 4),
(212, NULL, '08:00:00', '18:00:00', NULL, 5),
(213, NULL, '08:00:00', '18:00:00', NULL, 6),
(214, NULL, '09:00:00', '17:00:00', NULL, 0),
(215, NULL, '09:00:00', '17:00:00', NULL, 1),
(216, NULL, '09:00:00', '17:00:00', NULL, 2),
(217, NULL, '09:00:00', '17:00:00', NULL, 3),
(218, NULL, '09:00:00', '17:00:00', NULL, 4),
(219, NULL, '09:00:00', '17:00:00', NULL, 5),
(220, NULL, '09:00:00', '17:00:00', NULL, 6),
(221, NULL, '10:00:00', '11:00:00', NULL, 0),
(222, NULL, '10:00:00', '11:00:00', NULL, 1),
(223, NULL, '10:00:00', '11:00:00', NULL, 2),
(224, NULL, '10:00:00', '11:00:00', NULL, 3),
(225, NULL, '10:00:00', '11:00:00', NULL, 4),
(226, NULL, '10:00:00', '11:00:00', NULL, 5),
(227, NULL, '10:00:00', '11:00:00', NULL, 6),
(228, NULL, '13:00:00', '14:00:00', NULL, 0),
(229, NULL, '13:00:00', '14:00:00', NULL, 1),
(230, NULL, '13:00:00', '14:00:00', NULL, 2),
(231, NULL, '13:00:00', '14:00:00', NULL, 4),
(232, NULL, '13:00:00', '14:00:00', NULL, 3),
(233, NULL, '13:00:00', '14:00:00', NULL, 5),
(234, NULL, '13:00:00', '14:00:00', NULL, 6),
(235, NULL, '16:00:00', '17:00:00', NULL, 0),
(236, NULL, '16:00:00', '17:00:00', NULL, 1),
(237, NULL, '16:00:00', '17:00:00', NULL, 2),
(238, NULL, '16:00:00', '17:00:00', NULL, 3),
(239, NULL, '16:00:00', '17:00:00', NULL, 4),
(240, NULL, '16:00:00', '17:00:00', NULL, 5),
(241, NULL, '16:00:00', '17:00:00', NULL, 6),
(242, NULL, '10:00:00', '11:00:00', NULL, 2),
(243, NULL, '10:00:00', '11:00:00', NULL, 4),
(244, NULL, '10:00:00', '11:00:00', NULL, 0),
(245, NULL, '10:00:00', '11:00:00', NULL, 6),
(246, NULL, '19:00:00', '21:00:00', NULL, 0),
(247, NULL, '19:00:00', '21:00:00', NULL, 2),
(248, NULL, '19:00:00', '21:00:00', NULL, 3),
(249, NULL, '19:00:00', '21:00:00', NULL, 4),
(250, NULL, '19:00:00', '21:00:00', NULL, 5),
(251, NULL, '19:00:00', '21:00:00', NULL, 6),
(252, NULL, '19:00:00', '21:00:00', NULL, 0),
(253, NULL, '19:00:00', '21:00:00', NULL, 2),
(254, NULL, '19:00:00', '21:00:00', NULL, 3),
(255, NULL, '19:00:00', '21:00:00', NULL, 4),
(256, NULL, '19:00:00', '21:00:00', NULL, 5),
(257, NULL, '19:00:00', '21:00:00', NULL, 6),
(258, NULL, '19:00:00', '22:00:00', NULL, 0),
(259, NULL, '19:00:00', '22:00:00', NULL, 1),
(260, NULL, '19:00:00', '22:00:00', NULL, 2),
(261, NULL, '19:00:00', '22:00:00', NULL, 3),
(262, NULL, '19:00:00', '22:00:00', NULL, 4),
(263, NULL, '19:00:00', '22:00:00', NULL, 5),
(264, NULL, '19:00:00', '22:00:00', NULL, 6),
(265, NULL, '19:00:00', '22:00:00', NULL, 1),
(266, NULL, '19:00:00', '22:00:00', NULL, 2),
(267, NULL, '19:00:00', '22:00:00', NULL, 5),
(268, NULL, '19:00:00', '22:00:00', NULL, 3),
(269, NULL, '19:00:00', '22:00:00', NULL, 6),
(270, NULL, '19:00:00', '22:00:00', NULL, 4),
(271, NULL, '20:00:00', '22:00:00', NULL, 1),
(272, NULL, '20:00:00', '22:00:00', NULL, 3),
(273, NULL, '20:00:00', '22:00:00', NULL, 5),
(274, NULL, '20:00:00', '22:00:00', NULL, 0),
(275, NULL, '19:00:00', '22:00:00', NULL, 2),
(276, NULL, '20:00:00', '22:00:00', NULL, 4),
(277, NULL, '20:00:00', '22:00:00', NULL, 6),
(278, NULL, '21:00:00', '23:00:00', NULL, 2),
(279, NULL, '19:00:00', '21:00:00', NULL, 0),
(280, NULL, '20:00:00', '01:00:00', NULL, 1),
(281, NULL, '20:00:00', '01:00:00', NULL, 3),
(282, NULL, '20:00:00', '01:00:00', NULL, 5),
(283, NULL, '20:00:00', '01:00:00', NULL, 2),
(284, NULL, '20:00:00', '01:00:00', NULL, 0),
(285, NULL, '20:00:00', '01:00:00', NULL, 4),
(286, NULL, '20:00:00', '01:00:00', NULL, 6),
(287, NULL, '23:00:00', '01:00:00', NULL, 2),
(288, NULL, '23:00:00', '01:00:00', NULL, 4),
(289, NULL, '23:00:00', '01:00:00', NULL, 6),
(290, NULL, '23:00:00', '01:00:00', NULL, 2),
(291, NULL, '23:00:00', '01:00:00', NULL, 4),
(292, NULL, '23:00:00', '01:00:00', NULL, 6),
(293, NULL, '22:00:00', '00:00:00', NULL, 5),
(294, NULL, '23:00:00', '01:00:00', NULL, 1),
(295, NULL, '22:00:00', '01:00:00', NULL, 2),
(296, NULL, '22:00:00', '00:00:00', NULL, 3),
(297, NULL, '22:00:00', '00:00:00', NULL, 4),
(298, NULL, '23:00:00', '01:00:00', NULL, 5),
(299, NULL, '22:00:00', '00:00:00', NULL, 6),
(300, NULL, '11:00:00', '12:00:00', NULL, 0),
(301, NULL, '11:00:00', '12:00:00', NULL, 1),
(302, NULL, '11:00:00', '12:00:00', NULL, 2),
(303, NULL, '11:00:00', '12:00:00', NULL, 3),
(304, NULL, '11:00:00', '12:00:00', NULL, 4),
(305, NULL, '11:00:00', '12:00:00', NULL, 5),
(306, NULL, '11:00:00', '12:00:00', NULL, 6),
(307, NULL, '12:00:00', '13:00:00', NULL, 1),
(308, NULL, '12:00:00', '13:00:00', NULL, 3),
(309, NULL, '12:00:00', '13:00:00', NULL, 5),
(310, NULL, '10:00:00', '11:00:00', NULL, 1),
(311, NULL, '10:00:00', '11:00:00', NULL, 3),
(312, NULL, '10:00:00', '11:00:00', NULL, 5),
(313, NULL, '17:00:00', '18:00:00', NULL, 0),
(314, NULL, '17:00:00', '18:00:00', NULL, 1),
(315, NULL, '17:00:00', '18:00:00', NULL, 3),
(316, NULL, '17:00:00', '18:00:00', NULL, 5),
(317, NULL, '17:00:00', '18:00:00', NULL, 6),
(318, NULL, '15:00:00', '16:00:00', NULL, 0),
(319, NULL, '15:00:00', '16:00:00', NULL, 1),
(320, NULL, '15:00:00', '16:00:00', NULL, 2),
(321, NULL, '15:00:00', '16:00:00', NULL, 3),
(322, NULL, '15:00:00', '16:00:00', NULL, 4),
(323, NULL, '15:00:00', '16:00:00', NULL, 5),
(324, NULL, '15:00:00', '16:00:00', NULL, 6),
(325, NULL, '15:00:00', '16:00:00', NULL, 0),
(326, NULL, '15:00:00', '16:00:00', NULL, 1),
(327, NULL, '15:00:00', '16:00:00', NULL, 2),
(328, NULL, '15:00:00', '16:00:00', NULL, 3),
(329, NULL, '15:00:00', '16:00:00', NULL, 4),
(330, NULL, '15:00:00', '16:00:00', NULL, 5),
(331, NULL, '15:00:00', '16:00:00', NULL, 6),
(332, NULL, '12:00:00', '13:00:00', NULL, 0),
(333, NULL, '17:00:00', '18:00:00', NULL, 0),
(334, NULL, '12:00:00', '13:00:00', NULL, 1),
(335, NULL, '17:00:00', '18:00:00', NULL, 1),
(336, NULL, '12:00:00', '13:00:00', NULL, 4),
(337, NULL, '17:00:00', '18:00:00', NULL, 4),
(338, NULL, '12:00:00', '13:00:00', NULL, 0),
(339, NULL, '17:00:00', '18:00:00', NULL, 0),
(340, NULL, '12:00:00', '13:00:00', NULL, 1),
(341, NULL, '17:00:00', '18:00:00', NULL, 1),
(342, NULL, '12:00:00', '13:00:00', NULL, 4),
(343, NULL, '17:00:00', '18:00:00', NULL, 4),
(344, NULL, '12:00:00', '13:00:00', NULL, 2),
(345, NULL, '12:00:00', '13:00:00', NULL, 5),
(346, NULL, '13:00:00', '14:00:00', NULL, 0),
(347, NULL, '13:00:00', '14:00:00', NULL, 1),
(348, NULL, '13:00:00', '14:00:00', NULL, 2),
(349, NULL, '13:00:00', '14:00:00', NULL, 3),
(350, NULL, '13:00:00', '14:00:00', NULL, 4),
(351, NULL, '13:00:00', '14:00:00', NULL, 5),
(352, NULL, '13:00:00', '14:00:00', NULL, 6),
(353, NULL, '10:00:00', '18:00:00', NULL, 0),
(354, NULL, '10:00:00', '18:00:00', NULL, 1),
(355, NULL, '10:00:00', '18:00:00', NULL, 2),
(356, NULL, '10:00:00', '18:00:00', NULL, 3),
(357, NULL, '10:00:00', '18:00:00', NULL, 4),
(358, NULL, '10:00:00', '18:00:00', NULL, 5),
(359, NULL, '10:00:00', '18:00:00', NULL, 6),
(360, NULL, '08:00:00', '16:00:00', NULL, 1),
(361, NULL, '08:00:00', '16:00:00', NULL, 2),
(362, NULL, '08:00:00', '16:00:00', NULL, 3),
(363, NULL, '08:00:00', '16:00:00', NULL, 4),
(364, NULL, '08:00:00', '16:00:00', NULL, 5),
(365, NULL, '08:00:00', '16:00:00', NULL, 6),
(366, NULL, '08:00:00', '17:00:00', NULL, 1),
(367, NULL, '08:00:00', '17:00:00', NULL, 2),
(368, NULL, '08:00:00', '17:00:00', NULL, 3),
(369, NULL, '08:00:00', '17:00:00', NULL, 4),
(370, NULL, '08:00:00', '17:00:00', NULL, 5),
(371, NULL, '08:00:00', '17:00:00', NULL, 6),
(372, NULL, '08:00:00', '09:00:00', NULL, 1),
(373, NULL, '08:00:00', '09:00:00', NULL, 2),
(374, NULL, '08:00:00', '09:00:00', NULL, 3),
(375, NULL, '08:00:00', '09:00:00', NULL, 4),
(376, NULL, '08:00:00', '09:00:00', NULL, 5),
(377, NULL, '08:00:00', '09:00:00', NULL, 6),
(378, NULL, '09:00:00', '10:00:00', NULL, 1),
(379, NULL, '09:00:00', '10:00:00', NULL, 2),
(380, NULL, '09:00:00', '10:00:00', NULL, 3),
(381, NULL, '09:00:00', '10:00:00', NULL, 4),
(382, NULL, '09:00:00', '10:00:00', NULL, 5),
(383, NULL, '09:00:00', '10:00:00', NULL, 6),
(384, NULL, '22:00:00', '00:00:00', NULL, 4),
(385, NULL, '23:00:00', '01:00:00', NULL, 5),
(386, NULL, '22:00:00', '00:00:00', NULL, 3),
(387, NULL, '22:00:00', '00:00:00', NULL, 6),
(388, NULL, '19:00:00', '21:00:00', NULL, 0),
(389, NULL, '19:00:00', '21:00:00', NULL, 2),
(390, NULL, '19:00:00', '21:00:00', NULL, 3),
(391, NULL, '19:00:00', '21:00:00', NULL, 4),
(392, NULL, '19:00:00', '21:00:00', NULL, 5),
(393, NULL, '19:00:00', '21:00:00', NULL, 6),
(394, NULL, '19:00:00', '21:00:00', NULL, 0),
(395, NULL, '19:00:00', '21:00:00', NULL, 2),
(396, NULL, '19:00:00', '21:00:00', NULL, 3),
(397, NULL, '19:00:00', '21:00:00', NULL, 4),
(398, NULL, '19:00:00', '21:00:00', NULL, 5),
(399, NULL, '19:00:00', '21:00:00', NULL, 6),
(400, NULL, '21:00:00', '22:45:00', NULL, 0),
(401, NULL, '19:00:00', '22:00:00', NULL, 3),
(402, NULL, '19:00:00', '22:00:00', NULL, 4),
(403, NULL, '19:00:00', '22:00:00', NULL, 6),
(404, NULL, '19:00:00', '22:00:00', NULL, 6),
(405, NULL, '20:00:00', '22:00:00', NULL, 0),
(406, NULL, '19:00:00', '21:00:00', NULL, 2),
(407, NULL, '20:00:00', '22:00:00', NULL, 4),
(408, NULL, '20:00:00', '22:00:00', NULL, 6),
(409, NULL, '20:00:00', '22:00:00', NULL, 0),
(410, NULL, '19:00:00', '21:00:00', NULL, 2),
(411, NULL, '20:00:00', '22:00:00', NULL, 4),
(412, NULL, '20:00:00', '22:00:00', NULL, 6),
(413, NULL, '20:00:00', '22:00:00', NULL, 0),
(414, NULL, '19:00:00', '21:00:00', NULL, 2),
(415, NULL, '20:00:00', '22:00:00', NULL, 4),
(416, NULL, '20:00:00', '22:00:00', NULL, 6),
(417, NULL, '23:00:00', '01:00:00', NULL, 5),
(418, NULL, '23:00:00', '01:00:00', NULL, 6),
(419, NULL, '23:00:00', '01:00:00', NULL, 2),
(420, NULL, '23:00:00', '01:00:00', NULL, 4),
(421, NULL, '22:00:00', '00:00:00', NULL, 1),
(422, NULL, '22:00:00', '00:00:00', NULL, 1),
(423, NULL, '22:00:00', '01:00:00', NULL, 2),
(424, NULL, '22:00:00', '00:00:00', NULL, 4),
(425, NULL, '22:00:00', '00:00:00', NULL, 4),
(426, NULL, '22:00:00', '00:00:00', NULL, 4),
(427, NULL, '22:00:00', '00:00:00', NULL, 5),
(428, NULL, '23:00:00', '01:00:00', NULL, 5),
(429, NULL, '23:00:00', '01:00:00', NULL, 5),
(430, NULL, '23:00:00', '01:00:00', NULL, 5),
(431, NULL, '12:00:00', '17:00:00', NULL, 0),
(432, NULL, '12:00:00', '17:00:00', NULL, 1),
(433, NULL, '12:00:00', '17:00:00', NULL, 2),
(434, NULL, '12:00:00', '17:00:00', NULL, 3),
(435, NULL, '12:00:00', '17:00:00', NULL, 4),
(436, NULL, '12:00:00', '17:00:00', NULL, 5),
(437, NULL, '12:00:00', '17:00:00', NULL, 6),
(438, NULL, '12:00:00', '13:00:00', NULL, 0),
(439, NULL, '16:00:00', '17:00:00', NULL, 0),
(440, NULL, '12:00:00', '13:00:00', NULL, 1),
(441, NULL, '16:00:00', '17:00:00', NULL, 1),
(442, NULL, '12:00:00', '13:00:00', NULL, 2),
(443, NULL, '16:00:00', '17:00:00', NULL, 2),
(444, NULL, '12:00:00', '13:00:00', NULL, 3),
(445, NULL, '16:00:00', '17:00:00', NULL, 3),
(446, NULL, '12:00:00', '13:00:00', NULL, 4),
(447, NULL, '16:00:00', '17:00:00', NULL, 4),
(448, NULL, '12:00:00', '13:00:00', NULL, 5),
(449, NULL, '16:00:00', '17:00:00', NULL, 5),
(450, NULL, '12:00:00', '13:00:00', NULL, 6),
(451, NULL, '16:00:00', '17:00:00', NULL, 6),
(452, NULL, '12:00:00', '13:00:00', NULL, 0),
(453, NULL, '16:00:00', '17:00:00', NULL, 0),
(454, NULL, '12:00:00', '13:00:00', NULL, 1),
(455, NULL, '16:00:00', '17:00:00', NULL, 1),
(456, NULL, '12:00:00', '13:00:00', NULL, 2),
(457, NULL, '16:00:00', '17:00:00', NULL, 2),
(458, NULL, '12:00:00', '13:00:00', NULL, 3),
(459, NULL, '16:00:00', '17:00:00', NULL, 3),
(460, NULL, '12:00:00', '13:00:00', NULL, 4),
(461, NULL, '16:00:00', '17:00:00', NULL, 4),
(462, NULL, '12:00:00', '13:00:00', NULL, 5),
(463, NULL, '16:00:00', '17:00:00', NULL, 5),
(464, NULL, '12:00:00', '13:00:00', NULL, 6),
(465, NULL, '16:00:00', '17:00:00', NULL, 6),
(466, NULL, '08:00:00', '17:00:00', NULL, 1),
(467, NULL, '08:00:00', '17:00:00', NULL, 2),
(468, NULL, '08:00:00', '17:00:00', NULL, 3),
(469, NULL, '08:00:00', '17:00:00', NULL, 4),
(470, NULL, '08:00:00', '17:00:00', NULL, 5),
(471, NULL, '08:00:00', '17:00:00', NULL, 6),
(472, NULL, '07:30:00', '08:30:00', NULL, 1),
(473, NULL, '08:30:00', '09:00:00', NULL, 1),
(474, NULL, '09:00:00', '09:30:00', NULL, 1),
(475, NULL, '09:30:00', '10:00:00', NULL, 1),
(476, NULL, '07:30:00', '08:00:00', NULL, 3),
(477, NULL, '08:00:00', '08:30:00', NULL, 3),
(478, NULL, '08:30:00', '09:00:00', NULL, 3),
(479, NULL, '09:00:00', '09:30:00', NULL, 3),
(480, NULL, '07:30:00', '08:30:00', NULL, 6),
(481, NULL, '08:30:00', '09:00:00', NULL, 6),
(482, NULL, '09:00:00', '09:30:00', NULL, 6),
(483, NULL, '09:30:00', '10:00:00', NULL, 6),
(484, NULL, '08:00:00', '09:00:00', NULL, 1),
(485, NULL, '18:00:00', '19:00:00', NULL, 1),
(486, NULL, '09:30:00', '10:30:00', NULL, 3),
(487, NULL, '18:00:00', '19:00:00', NULL, 3),
(488, NULL, '08:00:00', '09:00:00', NULL, 6),
(489, NULL, '18:00:00', '19:00:00', NULL, 6),
(490, NULL, '10:00:00', '10:30:00', NULL, 1),
(491, NULL, '10:30:00', '11:00:00', NULL, 1),
(492, NULL, '10:00:00', '10:30:00', NULL, 3),
(493, NULL, '10:30:00', '11:00:00', NULL, 3),
(494, NULL, '10:00:00', '10:30:00', NULL, 6),
(495, NULL, '10:30:00', '11:00:00', NULL, 6),
(496, NULL, '10:00:00', '18:00:00', NULL, 0),
(497, NULL, '10:00:00', '18:00:00', NULL, 1),
(498, NULL, '10:00:00', '18:00:00', NULL, 2),
(499, NULL, '10:00:00', '18:00:00', NULL, 3),
(500, NULL, '10:00:00', '18:00:00', NULL, 4),
(501, NULL, '10:00:00', '18:00:00', NULL, 5),
(502, NULL, '10:00:00', '18:00:00', NULL, 6),
(503, NULL, '14:00:00', '15:00:00', NULL, 0),
(504, NULL, '14:00:00', '15:00:00', NULL, 1),
(505, NULL, '14:00:00', '15:00:00', NULL, 2),
(506, NULL, '14:00:00', '15:00:00', NULL, 3),
(507, NULL, '14:00:00', '15:00:00', NULL, 4),
(508, NULL, '14:00:00', '15:00:00', NULL, 5),
(509, NULL, '14:00:00', '15:00:00', NULL, 6),
(510, NULL, '11:00:00', '11:30:00', NULL, 1),
(511, NULL, '11:30:00', '12:00:00', NULL, 1),
(512, NULL, '11:00:00', '11:30:00', NULL, 3),
(513, NULL, '11:30:00', '12:00:00', NULL, 3),
(514, NULL, '11:00:00', '11:30:00', NULL, 6),
(515, NULL, '11:30:00', '12:00:00', NULL, 6),
(516, NULL, '18:30:00', '19:30:00', NULL, 1),
(517, NULL, '18:30:00', '19:30:00', NULL, 3),
(518, NULL, '18:30:00', '19:30:00', NULL, 6),
(519, NULL, '23:00:00', '01:00:00', NULL, 5),
(520, NULL, '20:00:00', '23:59:00', NULL, 1),
(521, NULL, '00:00:00', '01:00:00', NULL, 2),
(522, NULL, '20:00:00', '23:59:00', NULL, 3),
(523, NULL, '00:00:00', '01:00:00', NULL, 4),
(524, NULL, '20:00:00', '23:59:00', NULL, 5),
(525, NULL, '00:00:00', '01:00:00', NULL, 6),
(526, NULL, '20:00:00', '23:59:00', NULL, 2),
(527, NULL, '00:00:00', '01:00:00', NULL, 3),
(528, NULL, '20:00:00', '23:59:00', NULL, 0),
(529, NULL, '00:00:00', '01:00:00', NULL, 1),
(530, NULL, '20:00:00', '23:59:00', NULL, 4),
(531, NULL, '00:00:00', '01:00:00', NULL, 5),
(532, NULL, '00:00:00', '01:00:00', NULL, 0),
(533, NULL, '20:00:00', '23:59:00', NULL, 6),
(534, NULL, '23:00:00', '23:59:00', NULL, 2),
(535, NULL, '00:00:00', '01:00:00', NULL, 3),
(536, NULL, '23:00:00', '23:59:00', NULL, 4),
(537, NULL, '00:00:00', '01:00:00', NULL, 5),
(538, NULL, '23:00:00', '23:59:00', NULL, 5),
(539, NULL, '00:00:00', '01:00:00', NULL, 6),
(540, NULL, '23:00:00', '23:59:00', NULL, 5),
(541, NULL, '00:00:00', '01:00:00', NULL, 6),
(542, NULL, '23:00:00', '23:59:00', NULL, 5),
(543, NULL, '00:00:00', '01:00:00', NULL, 6),
(544, NULL, '23:00:00', '23:59:00', NULL, 5),
(545, NULL, '00:00:00', '01:00:00', NULL, 6),
(546, NULL, '22:00:00', '00:00:00', NULL, 2),
(547, NULL, '19:00:00', '22:00:00', NULL, 3),
(548, NULL, '19:00:00', '22:00:00', NULL, 4),
(549, NULL, '19:00:00', '22:00:00', NULL, 6),
(550, NULL, '19:00:00', '22:00:00', NULL, 3),
(551, NULL, '19:00:00', '22:00:00', NULL, 4),
(552, NULL, '19:00:00', '22:00:00', NULL, 6),
(553, NULL, '20:00:00', '21:30:00', NULL, 1),
(554, NULL, '20:00:00', '21:30:00', NULL, 5),
(555, NULL, '19:00:00', '22:00:00', NULL, 0),
(556, NULL, '19:00:00', '22:00:00', NULL, 1),
(557, NULL, '19:00:00', '22:00:00', NULL, 2),
(558, NULL, '19:00:00', '22:00:00', NULL, 3),
(559, NULL, '19:00:00', '22:00:00', NULL, 4),
(560, NULL, '19:00:00', '22:00:00', NULL, 5),
(561, NULL, '19:00:00', '22:00:00', NULL, 6),
(562, NULL, '19:00:00', '21:00:00', NULL, 0),
(563, NULL, '19:00:00', '21:00:00', NULL, 2),
(564, NULL, '19:00:00', '21:00:00', NULL, 3),
(565, NULL, '19:00:00', '21:00:00', NULL, 4),
(566, NULL, '19:00:00', '21:00:00', NULL, 5),
(567, NULL, '19:00:00', '21:00:00', NULL, 6),
(568, NULL, '19:00:00', '20:00:00', NULL, 1),
(569, NULL, '19:00:00', '20:00:00', NULL, 3),
(570, NULL, '19:00:00', '20:00:00', NULL, 5),
(571, NULL, '19:00:00', '20:00:00', NULL, 6),
(572, NULL, '20:00:00', '21:30:00', NULL, 3),
(573, NULL, '20:00:00', '21:30:00', NULL, 6),
(574, NULL, '21:00:00', '22:45:00', NULL, 2),
(575, NULL, '21:00:00', '22:45:00', NULL, 3),
(576, NULL, '21:00:00', '22:45:00', NULL, 4),
(577, NULL, '21:00:00', '22:45:00', NULL, 5),
(578, NULL, '21:00:00', '22:45:00', NULL, 6),
(579, NULL, '21:00:00', '22:45:00', NULL, 0),
(580, NULL, '19:00:00', '22:00:00', NULL, 1),
(581, NULL, '21:00:00', '23:00:00', NULL, 2),
(582, NULL, '19:00:00', '21:00:00', NULL, 0),
(583, NULL, '20:00:00', '23:59:00', NULL, 1),
(584, NULL, '00:00:00', '01:00:00', NULL, 2),
(585, NULL, '20:00:00', '23:59:00', NULL, 3),
(586, NULL, '00:00:00', '01:00:00', NULL, 4),
(587, NULL, '20:00:00', '23:59:00', NULL, 5),
(588, NULL, '00:00:00', '01:00:00', NULL, 6),
(589, NULL, '21:00:00', '23:00:00', NULL, 4),
(590, NULL, '20:00:00', '22:00:00', NULL, 0),
(591, NULL, '19:00:00', '21:00:00', NULL, 2),
(592, NULL, '20:00:00', '22:00:00', NULL, 4),
(593, NULL, '20:00:00', '22:00:00', NULL, 6),
(594, NULL, '19:00:00', '22:00:00', NULL, 2),
(595, NULL, '19:00:00', '22:00:00', NULL, 5),
(596, NULL, '20:00:00', '23:59:00', NULL, 2),
(597, NULL, '00:00:00', '01:00:00', NULL, 3),
(598, NULL, '22:00:00', '00:00:00', NULL, 2),
(599, NULL, '19:00:00', '22:00:00', NULL, 3),
(600, NULL, '19:00:00', '22:00:00', NULL, 4),
(601, NULL, '19:00:00', '22:00:00', NULL, 6),
(602, NULL, '20:00:00', '23:59:00', NULL, 0),
(603, NULL, '00:00:00', '01:00:00', NULL, 1),
(604, NULL, '20:00:00', '23:59:00', NULL, 4),
(605, NULL, '00:00:00', '01:00:00', NULL, 5),
(606, NULL, '22:00:00', '00:00:00', NULL, 4),
(607, NULL, '20:00:00', '22:00:00', NULL, 1),
(608, NULL, '20:00:00', '22:00:00', NULL, 3),
(609, NULL, '20:00:00', '22:00:00', NULL, 5),
(610, NULL, '00:00:00', '01:00:00', NULL, 0),
(611, NULL, '20:00:00', '23:59:00', NULL, 6),
(612, NULL, '19:00:00', '22:00:00', NULL, 0),
(613, NULL, '19:00:00', '22:00:00', NULL, 1),
(614, NULL, '19:00:00', '22:00:00', NULL, 2),
(615, NULL, '19:00:00', '22:00:00', NULL, 3),
(616, NULL, '19:00:00', '22:00:00', NULL, 4),
(617, NULL, '19:00:00', '22:00:00', NULL, 5),
(618, NULL, '19:00:00', '22:00:00', NULL, 6),
(619, NULL, '19:00:00', '22:00:00', NULL, 0),
(620, NULL, '19:00:00', '22:00:00', NULL, 1),
(621, NULL, '19:00:00', '22:00:00', NULL, 2),
(622, NULL, '19:00:00', '22:00:00', NULL, 3),
(623, NULL, '19:00:00', '22:00:00', NULL, 4),
(624, NULL, '19:00:00', '22:00:00', NULL, 5),
(625, NULL, '19:00:00', '22:00:00', NULL, 6),
(626, NULL, '19:00:00', '22:00:00', NULL, 0),
(627, NULL, '19:00:00', '22:00:00', NULL, 1),
(628, NULL, '19:00:00', '22:00:00', NULL, 2),
(629, NULL, '19:00:00', '22:00:00', NULL, 3),
(630, NULL, '19:00:00', '22:00:00', NULL, 4),
(631, NULL, '19:00:00', '22:00:00', NULL, 5),
(632, NULL, '19:00:00', '22:00:00', NULL, 6),
(633, NULL, '19:00:00', '22:00:00', NULL, 0),
(634, NULL, '19:00:00', '22:00:00', NULL, 1),
(635, NULL, '19:00:00', '22:00:00', NULL, 2),
(636, NULL, '19:00:00', '22:00:00', NULL, 3),
(637, NULL, '19:00:00', '22:00:00', NULL, 4),
(638, NULL, '19:00:00', '22:00:00', NULL, 5),
(639, NULL, '19:00:00', '22:00:00', NULL, 6),
(640, NULL, '20:00:00', '23:59:00', NULL, 0),
(641, NULL, '20:00:00', '23:59:00', NULL, 4),
(642, NULL, '22:00:00', '23:00:00', NULL, 0),
(643, NULL, '22:00:00', '23:00:00', NULL, 1),
(644, NULL, '22:00:00', '23:00:00', NULL, 2),
(645, NULL, '22:00:00', '23:00:00', NULL, 3),
(646, NULL, '22:00:00', '23:00:00', NULL, 4),
(647, NULL, '22:00:00', '23:00:00', NULL, 5),
(648, NULL, '22:00:00', '23:00:00', NULL, 6),
(649, NULL, '22:00:00', '23:00:00', NULL, 0),
(650, NULL, '22:00:00', '23:00:00', NULL, 1),
(651, NULL, '22:00:00', '23:00:00', NULL, 2),
(652, NULL, '22:00:00', '23:00:00', NULL, 3),
(653, NULL, '22:00:00', '23:00:00', NULL, 4),
(654, NULL, '22:00:00', '23:00:00', NULL, 5),
(655, NULL, '22:00:00', '23:00:00', NULL, 6),
(656, NULL, '22:00:00', '23:00:00', NULL, 0),
(657, NULL, '22:00:00', '23:00:00', NULL, 1),
(658, NULL, '22:00:00', '23:00:00', NULL, 2),
(659, NULL, '22:00:00', '23:00:00', NULL, 3),
(660, NULL, '22:00:00', '23:00:00', NULL, 4),
(661, NULL, '22:00:00', '23:00:00', NULL, 5),
(662, NULL, '22:00:00', '23:00:00', NULL, 6),
(663, NULL, '22:00:00', '23:00:00', NULL, 0),
(664, NULL, '22:00:00', '23:00:00', NULL, 1),
(665, NULL, '22:00:00', '23:00:00', NULL, 2),
(666, NULL, '22:00:00', '23:00:00', NULL, 3),
(667, NULL, '22:00:00', '23:00:00', NULL, 4),
(668, NULL, '22:00:00', '23:00:00', NULL, 5),
(669, NULL, '22:00:00', '23:00:00', NULL, 6),
(670, NULL, '22:00:00', '23:00:00', NULL, 0),
(671, NULL, '22:00:00', '23:00:00', NULL, 1),
(672, NULL, '22:00:00', '23:00:00', NULL, 2),
(673, NULL, '22:00:00', '23:00:00', NULL, 3),
(674, NULL, '22:00:00', '23:00:00', NULL, 4),
(675, NULL, '22:00:00', '23:00:00', NULL, 5),
(676, NULL, '22:00:00', '23:00:00', NULL, 6),
(677, NULL, '22:00:00', '23:00:00', NULL, 0),
(678, NULL, '22:00:00', '23:00:00', NULL, 1),
(679, NULL, '22:00:00', '23:00:00', NULL, 2),
(680, NULL, '22:00:00', '23:00:00', NULL, 3),
(681, NULL, '22:00:00', '23:00:00', NULL, 4),
(682, NULL, '22:00:00', '23:00:00', NULL, 5),
(683, NULL, '22:00:00', '23:00:00', NULL, 6),
(684, NULL, '22:00:00', '23:00:00', NULL, 0),
(685, NULL, '22:00:00', '23:00:00', NULL, 1),
(686, NULL, '22:00:00', '23:00:00', NULL, 2),
(687, NULL, '22:00:00', '23:00:00', NULL, 3),
(688, NULL, '22:00:00', '23:00:00', NULL, 4),
(689, NULL, '22:00:00', '23:00:00', NULL, 5),
(690, NULL, '22:00:00', '23:00:00', NULL, 6),
(691, NULL, '22:00:00', '23:00:00', NULL, 0),
(692, NULL, '22:00:00', '23:00:00', NULL, 1),
(693, NULL, '22:00:00', '23:00:00', NULL, 2),
(694, NULL, '22:00:00', '23:00:00', NULL, 3),
(695, NULL, '22:00:00', '23:00:00', NULL, 4),
(696, NULL, '22:00:00', '23:00:00', NULL, 5),
(697, NULL, '22:00:00', '23:00:00', NULL, 6),
(698, NULL, '22:00:00', '23:00:00', NULL, 0),
(699, NULL, '22:00:00', '23:00:00', NULL, 1),
(700, NULL, '22:00:00', '23:00:00', NULL, 2),
(701, NULL, '22:00:00', '23:00:00', NULL, 3),
(702, NULL, '22:00:00', '23:00:00', NULL, 4),
(703, NULL, '22:00:00', '23:00:00', NULL, 5),
(704, NULL, '22:00:00', '23:00:00', NULL, 6),
(705, NULL, '22:00:00', '23:00:00', NULL, 0),
(706, NULL, '22:00:00', '23:00:00', NULL, 1),
(707, NULL, '22:00:00', '23:00:00', NULL, 2),
(708, NULL, '19:00:00', '23:00:00', NULL, 3),
(709, NULL, '22:00:00', '23:00:00', NULL, 4),
(710, NULL, '22:00:00', '23:00:00', NULL, 5),
(711, NULL, '22:00:00', '23:00:00', NULL, 6),
(712, NULL, '22:00:00', '23:00:00', NULL, 0),
(713, NULL, '22:00:00', '23:00:00', NULL, 1),
(714, NULL, '22:00:00', '23:00:00', NULL, 2),
(715, NULL, '19:00:00', '23:00:00', NULL, 3),
(716, NULL, '22:00:00', '23:00:00', NULL, 4),
(717, NULL, '22:00:00', '23:00:00', NULL, 5),
(718, NULL, '22:00:00', '23:00:00', NULL, 6),
(719, NULL, '22:00:00', '23:00:00', NULL, 0),
(720, NULL, '22:00:00', '23:00:00', NULL, 1),
(721, NULL, '22:00:00', '23:00:00', NULL, 2),
(722, NULL, '22:00:00', '23:00:00', NULL, 3),
(723, NULL, '22:00:00', '23:00:00', NULL, 4),
(724, NULL, '22:00:00', '23:00:00', NULL, 5),
(725, NULL, '22:00:00', '23:00:00', NULL, 6),
(726, NULL, '22:00:00', '23:00:00', NULL, 0),
(727, NULL, '22:00:00', '23:00:00', NULL, 1),
(728, NULL, '22:00:00', '23:00:00', NULL, 2),
(729, NULL, '22:00:00', '23:00:00', NULL, 3),
(730, NULL, '22:00:00', '23:00:00', NULL, 4),
(731, NULL, '22:00:00', '23:00:00', NULL, 5),
(732, NULL, '22:00:00', '23:00:00', NULL, 6),
(733, NULL, '22:00:00', '23:00:00', NULL, 0),
(734, NULL, '22:00:00', '23:00:00', NULL, 1),
(735, NULL, '22:00:00', '23:00:00', NULL, 2),
(736, NULL, '22:00:00', '23:00:00', NULL, 3),
(737, NULL, '22:00:00', '23:00:00', NULL, 4),
(738, NULL, '22:00:00', '23:00:00', NULL, 5),
(739, NULL, '22:00:00', '23:00:00', NULL, 6),
(740, NULL, '23:00:00', '00:00:00', NULL, 0),
(741, NULL, '23:00:00', '00:00:00', NULL, 1),
(742, NULL, '23:00:00', '00:00:00', NULL, 2),
(743, NULL, '23:00:00', '00:00:00', NULL, 3),
(744, NULL, '23:00:00', '00:00:00', NULL, 4),
(745, NULL, '23:00:00', '00:00:00', NULL, 5),
(746, NULL, '23:00:00', '00:00:00', NULL, 6),
(747, NULL, '23:00:00', '00:00:00', NULL, 1),
(748, NULL, '22:00:00', '23:00:00', NULL, 0),
(749, NULL, '22:00:00', '23:00:00', NULL, 1),
(750, NULL, '22:00:00', '23:00:00', NULL, 2),
(751, NULL, '22:00:00', '23:00:00', NULL, 3),
(752, NULL, '22:00:00', '23:00:00', NULL, 4),
(753, NULL, '22:00:00', '23:00:00', NULL, 5),
(754, NULL, '22:00:00', '23:00:00', NULL, 6),
(755, NULL, '22:00:00', '23:00:00', NULL, 1),
(756, NULL, '22:00:00', '23:00:00', NULL, 1),
(757, NULL, '20:00:00', '21:30:00', NULL, 1),
(758, NULL, '20:00:00', '21:30:00', NULL, 5),
(759, NULL, '12:00:00', '13:00:00', NULL, 0),
(760, NULL, '16:00:00', '17:00:00', NULL, 0),
(761, NULL, '12:00:00', '13:00:00', NULL, 1),
(762, NULL, '16:00:00', '17:00:00', NULL, 1),
(763, NULL, '12:00:00', '13:00:00', NULL, 2),
(764, NULL, '16:00:00', '17:00:00', NULL, 2),
(765, NULL, '12:00:00', '13:00:00', NULL, 3),
(766, NULL, '16:00:00', '17:00:00', NULL, 3),
(767, NULL, '12:00:00', '13:00:00', NULL, 4),
(768, NULL, '16:00:00', '17:00:00', NULL, 4),
(769, NULL, '12:00:00', '13:00:00', NULL, 5),
(770, NULL, '16:00:00', '17:00:00', NULL, 5),
(771, NULL, '12:00:00', '13:00:00', NULL, 6),
(772, NULL, '16:00:00', '17:00:00', NULL, 6),
(773, NULL, '19:00:00', '21:00:00', NULL, 2),
(774, NULL, '12:00:00', '13:00:00', NULL, 0),
(775, NULL, '16:00:00', '17:00:00', NULL, 0),
(776, NULL, '12:00:00', '13:00:00', NULL, 1),
(777, NULL, '16:00:00', '17:00:00', NULL, 1),
(778, NULL, '12:00:00', '13:00:00', NULL, 2),
(779, NULL, '16:00:00', '17:00:00', NULL, 2),
(780, NULL, '12:00:00', '13:00:00', NULL, 3),
(781, NULL, '16:00:00', '17:00:00', NULL, 3),
(782, NULL, '12:00:00', '13:00:00', NULL, 4),
(783, NULL, '16:00:00', '17:00:00', NULL, 4),
(784, NULL, '12:00:00', '13:00:00', NULL, 5),
(785, NULL, '16:00:00', '17:00:00', NULL, 5),
(786, NULL, '12:00:00', '13:00:00', NULL, 6),
(787, NULL, '16:00:00', '17:00:00', NULL, 6),
(788, NULL, '12:00:00', '13:00:00', NULL, 0),
(789, NULL, '16:00:00', '17:00:00', NULL, 0),
(790, NULL, '12:00:00', '13:00:00', NULL, 1),
(791, NULL, '16:00:00', '17:00:00', NULL, 1),
(792, NULL, '12:00:00', '13:00:00', NULL, 2),
(793, NULL, '16:00:00', '17:00:00', NULL, 2),
(794, NULL, '12:00:00', '13:00:00', NULL, 3),
(795, NULL, '16:00:00', '17:00:00', NULL, 3),
(796, NULL, '12:00:00', '13:00:00', NULL, 4),
(797, NULL, '16:00:00', '17:00:00', NULL, 4),
(798, NULL, '12:00:00', '13:00:00', NULL, 5),
(799, NULL, '16:00:00', '17:00:00', NULL, 5),
(800, NULL, '12:00:00', '13:00:00', NULL, 6),
(801, NULL, '16:00:00', '17:00:00', NULL, 6),
(802, NULL, '19:00:00', '21:00:00', NULL, 2),
(803, NULL, '19:00:00', '21:00:00', NULL, 3),
(804, NULL, '19:00:00', '21:00:00', NULL, 5),
(805, NULL, '19:00:00', '21:00:00', NULL, 6),
(806, NULL, '19:00:00', '22:00:00', NULL, 5),
(807, NULL, '12:00:00', '13:00:00', NULL, 0),
(808, NULL, '16:00:00', '17:00:00', NULL, 0),
(809, NULL, '12:00:00', '13:00:00', NULL, 1),
(810, NULL, '16:00:00', '17:00:00', NULL, 1),
(811, NULL, '12:00:00', '13:00:00', NULL, 2),
(812, NULL, '16:00:00', '17:00:00', NULL, 2),
(813, NULL, '12:00:00', '13:00:00', NULL, 3),
(814, NULL, '16:00:00', '17:00:00', NULL, 3),
(815, NULL, '12:00:00', '13:00:00', NULL, 4),
(816, NULL, '16:00:00', '17:00:00', NULL, 4),
(817, NULL, '12:00:00', '13:00:00', NULL, 5),
(818, NULL, '16:00:00', '17:00:00', NULL, 5),
(819, NULL, '12:00:00', '13:00:00', NULL, 6),
(820, NULL, '16:00:00', '17:00:00', NULL, 6),
(821, NULL, '20:00:00', '23:59:00', NULL, 1),
(822, NULL, '20:00:00', '23:59:00', NULL, 3),
(823, NULL, '20:00:00', '23:59:00', NULL, 5),
(824, NULL, '23:00:00', '00:00:00', NULL, 2),
(825, NULL, '12:00:00', '13:00:00', NULL, 0),
(826, NULL, '16:00:00', '17:00:00', NULL, 0),
(827, NULL, '12:00:00', '13:00:00', NULL, 1),
(828, NULL, '16:00:00', '17:00:00', NULL, 1),
(829, NULL, '12:00:00', '13:00:00', NULL, 2),
(830, NULL, '16:00:00', '17:00:00', NULL, 2),
(831, NULL, '12:00:00', '13:00:00', NULL, 3),
(832, NULL, '16:00:00', '17:00:00', NULL, 3),
(833, NULL, '12:00:00', '13:00:00', NULL, 4),
(834, NULL, '16:00:00', '17:00:00', NULL, 4),
(835, NULL, '12:00:00', '13:00:00', NULL, 5),
(836, NULL, '16:00:00', '17:00:00', NULL, 5),
(837, NULL, '12:00:00', '13:00:00', NULL, 6),
(838, NULL, '16:00:00', '17:00:00', NULL, 6),
(839, NULL, '21:00:00', '22:45:00', NULL, 2),
(840, NULL, '20:00:00', '22:00:00', NULL, 0),
(841, NULL, '19:00:00', '21:00:00', NULL, 2),
(842, NULL, '20:00:00', '22:00:00', NULL, 4),
(843, NULL, '20:00:00', '22:00:00', NULL, 6),
(844, NULL, '20:00:00', '23:59:00', NULL, 2),
(845, NULL, '12:00:00', '13:00:00', NULL, 0),
(846, NULL, '16:00:00', '17:00:00', NULL, 0),
(847, NULL, '12:00:00', '13:00:00', NULL, 1),
(848, NULL, '16:00:00', '17:00:00', NULL, 1),
(849, NULL, '12:00:00', '13:00:00', NULL, 2),
(850, NULL, '16:00:00', '17:00:00', NULL, 2),
(851, NULL, '12:00:00', '13:00:00', NULL, 3),
(852, NULL, '16:00:00', '17:00:00', NULL, 3),
(853, NULL, '12:00:00', '13:00:00', NULL, 4),
(854, NULL, '16:00:00', '17:00:00', NULL, 4),
(855, NULL, '12:00:00', '13:00:00', NULL, 5),
(856, NULL, '16:00:00', '17:00:00', NULL, 5),
(857, NULL, '12:00:00', '13:00:00', NULL, 6),
(858, NULL, '16:00:00', '17:00:00', NULL, 6),
(859, NULL, '12:00:00', '13:00:00', NULL, 0),
(860, NULL, '16:00:00', '17:00:00', NULL, 0),
(861, NULL, '12:00:00', '13:00:00', NULL, 1),
(862, NULL, '16:00:00', '17:00:00', NULL, 1),
(863, NULL, '12:00:00', '13:00:00', NULL, 2),
(864, NULL, '16:00:00', '17:00:00', NULL, 2),
(865, NULL, '12:00:00', '13:00:00', NULL, 3),
(866, NULL, '16:00:00', '17:00:00', NULL, 3),
(867, NULL, '12:00:00', '13:00:00', NULL, 4),
(868, NULL, '16:00:00', '17:00:00', NULL, 4),
(869, NULL, '12:00:00', '13:00:00', NULL, 5),
(870, NULL, '16:00:00', '17:00:00', NULL, 5),
(871, NULL, '12:00:00', '13:00:00', NULL, 6),
(872, NULL, '16:00:00', '17:00:00', NULL, 6),
(873, NULL, '12:00:00', '13:00:00', NULL, 0),
(874, NULL, '16:00:00', '17:00:00', NULL, 0),
(875, NULL, '12:00:00', '13:00:00', NULL, 1),
(876, NULL, '16:00:00', '17:00:00', NULL, 1),
(877, NULL, '12:00:00', '13:00:00', NULL, 2),
(878, NULL, '16:00:00', '17:00:00', NULL, 2),
(879, NULL, '12:00:00', '13:00:00', NULL, 3),
(880, NULL, '16:00:00', '17:00:00', NULL, 3),
(881, NULL, '12:00:00', '13:00:00', NULL, 4),
(882, NULL, '16:00:00', '17:00:00', NULL, 4),
(883, NULL, '12:00:00', '13:00:00', NULL, 5),
(884, NULL, '16:00:00', '17:00:00', NULL, 5),
(885, NULL, '12:00:00', '13:00:00', NULL, 6),
(886, NULL, '16:00:00', '17:00:00', NULL, 6),
(887, NULL, '22:00:00', '23:00:00', NULL, 1),
(888, NULL, '20:00:00', '23:59:00', NULL, 2),
(889, NULL, '22:00:00', '23:00:00', NULL, 1),
(890, NULL, '12:00:00', '13:00:00', NULL, 0),
(891, NULL, '16:00:00', '17:00:00', NULL, 0),
(892, NULL, '12:00:00', '13:00:00', NULL, 1),
(893, NULL, '16:00:00', '17:00:00', NULL, 1),
(894, NULL, '12:00:00', '13:00:00', NULL, 2),
(895, NULL, '16:00:00', '17:00:00', NULL, 2),
(896, NULL, '12:00:00', '13:00:00', NULL, 3),
(897, NULL, '16:00:00', '17:00:00', NULL, 3),
(898, NULL, '12:00:00', '13:00:00', NULL, 4),
(899, NULL, '16:00:00', '17:00:00', NULL, 4),
(900, NULL, '12:00:00', '13:00:00', NULL, 5),
(901, NULL, '16:00:00', '17:00:00', NULL, 5),
(902, NULL, '12:00:00', '13:00:00', NULL, 6),
(903, NULL, '16:00:00', '17:00:00', NULL, 6),
(904, NULL, '20:00:00', '21:30:00', NULL, 1),
(905, NULL, '20:00:00', '21:30:00', NULL, 5),
(906, NULL, '12:00:00', '13:00:00', NULL, 0),
(907, NULL, '16:00:00', '17:00:00', NULL, 0),
(908, NULL, '12:00:00', '13:00:00', NULL, 1),
(909, NULL, '16:00:00', '17:00:00', NULL, 1),
(910, NULL, '12:00:00', '13:00:00', NULL, 2),
(911, NULL, '16:00:00', '17:00:00', NULL, 2),
(912, NULL, '12:00:00', '13:00:00', NULL, 3),
(913, NULL, '16:00:00', '17:00:00', NULL, 3),
(914, NULL, '12:00:00', '13:00:00', NULL, 4),
(915, NULL, '16:00:00', '17:00:00', NULL, 4),
(916, NULL, '12:00:00', '13:00:00', NULL, 5),
(917, NULL, '16:00:00', '17:00:00', NULL, 5),
(918, NULL, '12:00:00', '13:00:00', NULL, 6),
(919, NULL, '16:00:00', '17:00:00', NULL, 6),
(920, NULL, '22:00:00', '23:00:00', NULL, 1),
(921, NULL, '22:00:00', '23:00:00', NULL, 3),
(922, NULL, '12:00:00', '13:00:00', NULL, 0),
(923, NULL, '16:00:00', '17:00:00', NULL, 0),
(924, NULL, '12:00:00', '13:00:00', NULL, 1),
(925, NULL, '16:00:00', '17:00:00', NULL, 1),
(926, NULL, '12:00:00', '13:00:00', NULL, 2),
(927, NULL, '16:00:00', '17:00:00', NULL, 2),
(928, NULL, '12:00:00', '13:00:00', NULL, 3),
(929, NULL, '16:00:00', '17:00:00', NULL, 3),
(930, NULL, '12:00:00', '13:00:00', NULL, 4),
(931, NULL, '16:00:00', '17:00:00', NULL, 4),
(932, NULL, '12:00:00', '13:00:00', NULL, 5),
(933, NULL, '16:00:00', '17:00:00', NULL, 5),
(934, NULL, '12:00:00', '13:00:00', NULL, 6),
(935, NULL, '16:00:00', '17:00:00', NULL, 6),
(936, NULL, '22:00:00', '23:00:00', NULL, 1),
(937, NULL, '12:00:00', '13:00:00', NULL, 0),
(938, NULL, '12:00:00', '13:00:00', NULL, 0),
(939, NULL, '12:00:00', '13:00:00', NULL, 0),
(940, NULL, '12:00:00', '13:00:00', NULL, 0),
(941, NULL, '12:00:00', '13:00:00', NULL, 0),
(942, NULL, '12:00:00', '13:00:00', NULL, 0),
(943, NULL, '12:00:00', '13:00:00', NULL, 0),
(944, NULL, '12:00:00', '13:00:00', NULL, 0),
(945, NULL, '12:00:00', '13:00:00', NULL, 0),
(946, NULL, '22:00:00', '23:00:00', NULL, 1),
(947, NULL, '22:00:00', '23:00:00', NULL, 1),
(948, NULL, '12:00:00', '13:00:00', NULL, 4),
(949, NULL, '15:00:00', '14:00:00', NULL, 4),
(950, NULL, '22:00:00', '00:00:00', NULL, 3),
(951, NULL, '15:00:00', '14:00:00', NULL, 4),
(952, NULL, '12:00:00', '13:00:00', NULL, 5),
(953, NULL, '12:00:00', '13:00:00', NULL, 6),
(954, NULL, '21:00:00', '22:00:00', NULL, 4),
(955, NULL, '22:00:00', '23:00:00', NULL, 5),
(956, NULL, '20:00:00', '23:00:00', NULL, 4),
(957, NULL, '21:00:00', '23:04:00', NULL, 5),
(958, NULL, '19:00:00', '22:00:00', NULL, 5),
(959, NULL, '20:00:00', '21:30:00', NULL, 1),
(960, NULL, '20:00:00', '21:30:00', NULL, 5),
(961, NULL, '23:00:00', '00:00:00', NULL, 1),
(962, NULL, '20:00:00', '23:59:00', NULL, 1),
(963, NULL, '20:00:00', '23:59:00', NULL, 3),
(964, NULL, '20:00:00', '23:59:00', NULL, 5),
(965, NULL, '20:00:00', '22:00:00', NULL, 0),
(966, NULL, '20:00:00', '21:00:00', NULL, 2),
(967, NULL, '20:00:00', '22:00:00', NULL, 6),
(968, NULL, '20:00:00', '23:59:00', NULL, 2),
(969, NULL, '20:00:00', '23:59:00', NULL, 2),
(970, NULL, '22:00:00', '00:00:00', NULL, 4),
(971, NULL, '23:00:00', '00:00:00', NULL, 2),
(972, NULL, '23:00:00', '00:00:00', NULL, 4),
(973, NULL, '19:00:00', '22:00:00', NULL, 1),
(974, NULL, '19:00:00', '22:00:00', NULL, 2),
(975, NULL, '19:00:00', '22:00:00', NULL, 3),
(976, NULL, '19:00:00', '22:00:00', NULL, 4),
(977, NULL, '19:00:00', '22:00:00', NULL, 5),
(978, NULL, '19:00:00', '22:00:00', NULL, 6),
(979, NULL, '19:00:00', '22:00:00', NULL, 1),
(980, NULL, '19:00:00', '22:00:00', NULL, 2),
(981, NULL, '19:00:00', '22:00:00', NULL, 3),
(982, NULL, '19:00:00', '22:00:00', NULL, 4),
(983, NULL, '19:00:00', '22:00:00', NULL, 1),
(984, NULL, '19:00:00', '22:00:00', NULL, 2),
(985, NULL, '19:00:00', '22:00:00', NULL, 3),
(986, NULL, '19:00:00', '22:00:00', NULL, 4),
(987, NULL, '19:00:00', '22:00:00', NULL, 1),
(988, NULL, '19:00:00', '22:00:00', NULL, 2),
(989, NULL, '19:00:00', '22:00:00', NULL, 3),
(990, NULL, '19:00:00', '22:00:00', NULL, 4),
(991, NULL, '19:00:00', '22:00:00', NULL, 5),
(992, NULL, '21:00:00', '22:45:00', NULL, 3),
(993, NULL, '20:00:00', '23:59:00', NULL, 0),
(994, NULL, '20:00:00', '23:59:00', NULL, 4),
(995, NULL, '21:00:00', '22:45:00', NULL, 2),
(996, NULL, '20:00:00', '23:59:00', NULL, 6),
(997, NULL, '20:00:00', '21:30:00', NULL, 3),
(998, NULL, '19:00:00', '21:00:00', NULL, 0),
(999, NULL, '19:00:00', '21:00:00', NULL, 2),
(1000, NULL, '19:00:00', '21:00:00', NULL, 3),
(1001, NULL, '19:00:00', '21:00:00', NULL, 4),
(1002, NULL, '19:00:00', '21:00:00', NULL, 5),
(1003, NULL, '19:00:00', '21:00:00', NULL, 6),
(1004, NULL, '20:00:00', '21:30:00', NULL, 6),
(1005, NULL, '20:00:00', '21:30:00', NULL, 6),
(1006, NULL, '20:30:00', '23:00:00', NULL, 2),
(1007, NULL, '21:00:00', '22:00:00', NULL, 4),
(1008, NULL, '22:00:00', '00:00:00', NULL, 3),
(1009, NULL, '22:00:00', '23:00:00', NULL, 1),
(1010, NULL, '19:00:00', '20:00:00', NULL, 1),
(1011, NULL, '19:00:00', '20:00:00', NULL, 3),
(1012, NULL, '19:00:00', '20:00:00', NULL, 5),
(1013, NULL, '19:00:00', '20:00:00', NULL, 6),
(1014, NULL, '22:00:00', '23:00:00', NULL, 5),
(1015, NULL, '23:00:00', '23:59:00', NULL, 5),
(1016, NULL, '23:00:00', '00:00:00', NULL, 2),
(1017, NULL, '23:00:00', '00:00:00', NULL, 4),
(1018, NULL, '23:00:00', '00:00:00', NULL, 1),
(1019, NULL, '23:00:00', '00:00:00', NULL, 1),
(1020, NULL, '22:00:00', '00:00:00', NULL, 3),
(1021, NULL, '19:00:00', '20:00:00', NULL, 1),
(1022, NULL, '19:00:00', '20:00:00', NULL, 3),
(1023, NULL, '19:00:00', '20:00:00', NULL, 5),
(1024, NULL, '19:00:00', '20:00:00', NULL, 6),
(1025, NULL, '22:00:00', '23:00:00', NULL, 6),
(1026, NULL, '19:00:00', '21:00:00', NULL, 0),
(1027, NULL, '19:00:00', '21:00:00', NULL, 2),
(1028, NULL, '19:00:00', '21:00:00', NULL, 3),
(1029, NULL, '19:00:00', '21:00:00', NULL, 4),
(1030, NULL, '19:00:00', '21:00:00', NULL, 5),
(1031, NULL, '19:00:00', '21:00:00', NULL, 6),
(1032, NULL, '19:00:00', '21:00:00', NULL, 0),
(1033, NULL, '19:00:00', '21:00:00', NULL, 2),
(1034, NULL, '19:00:00', '21:00:00', NULL, 3),
(1035, NULL, '19:00:00', '21:00:00', NULL, 4),
(1036, NULL, '19:00:00', '21:00:00', NULL, 5),
(1037, NULL, '19:00:00', '21:00:00', NULL, 6),
(1038, NULL, '20:30:00', '23:00:00', NULL, 2),
(1039, NULL, '17:00:00', '18:00:00', NULL, 5),
(1040, NULL, '17:00:00', '18:00:00', NULL, 5),
(1041, NULL, '12:00:00', '13:00:00', NULL, 6),
(1042, NULL, '13:00:00', '17:00:00', NULL, 2),
(1043, NULL, '13:00:00', '17:00:00', NULL, 4),
(1044, NULL, '13:00:00', '17:00:00', NULL, 4),
(1045, NULL, '13:00:00', '17:00:00', NULL, 5),
(1046, NULL, '13:00:00', '17:00:00', NULL, 6),
(1047, NULL, '13:00:00', '17:00:00', NULL, 6),
(1048, NULL, '08:00:00', '09:00:00', NULL, 1),
(1049, NULL, '18:00:00', '19:00:00', NULL, 1),
(1050, NULL, '08:00:00', '09:00:00', NULL, 6),
(1051, NULL, '18:00:00', '19:00:00', NULL, 6),
(1052, NULL, '21:00:00', '22:45:00', NULL, 0),
(1053, NULL, '16:00:00', '17:00:00', NULL, 0),
(1054, NULL, '16:00:00', '17:00:00', NULL, 1),
(1055, NULL, '16:00:00', '17:00:00', NULL, 2),
(1056, NULL, '16:00:00', '17:00:00', NULL, 3),
(1057, NULL, '16:00:00', '17:00:00', NULL, 4),
(1058, NULL, '16:00:00', '17:00:00', NULL, 5),
(1059, NULL, '16:00:00', '17:00:00', NULL, 6),
(1060, NULL, '13:00:00', '14:00:00', NULL, 0),
(1061, NULL, '13:00:00', '14:00:00', NULL, 1),
(1062, NULL, '13:00:00', '14:00:00', NULL, 2),
(1063, NULL, '13:00:00', '14:00:00', NULL, 3),
(1064, NULL, '13:00:00', '14:00:00', NULL, 4),
(1065, NULL, '13:00:00', '14:00:00', NULL, 5),
(1066, NULL, '13:00:00', '14:00:00', NULL, 6),
(1067, NULL, '15:00:00', '16:00:00', NULL, 0),
(1068, NULL, '15:00:00', '16:00:00', NULL, 1),
(1069, NULL, '15:00:00', '16:00:00', NULL, 2),
(1070, NULL, '15:00:00', '16:00:00', NULL, 3),
(1071, NULL, '15:00:00', '16:00:00', NULL, 4),
(1072, NULL, '15:00:00', '16:00:00', NULL, 5),
(1073, NULL, '15:00:00', '16:00:00', NULL, 6),
(1074, NULL, '12:00:00', '13:00:00', NULL, 0),
(1075, NULL, '12:00:00', '13:00:00', NULL, 1),
(1076, NULL, '12:00:00', '13:00:00', NULL, 4),
(1077, NULL, '11:00:00', '12:00:00', NULL, 0),
(1078, NULL, '11:00:00', '12:00:00', NULL, 1),
(1079, NULL, '11:00:00', '12:00:00', NULL, 2),
(1080, NULL, '11:00:00', '12:00:00', NULL, 3),
(1081, NULL, '11:00:00', '12:00:00', NULL, 4),
(1082, NULL, '11:00:00', '12:00:00', NULL, 5),
(1083, NULL, '11:00:00', '12:00:00', NULL, 6),
(1084, NULL, '11:00:00', '17:00:00', NULL, 0),
(1085, NULL, '11:00:00', '17:00:00', NULL, 1),
(1086, NULL, '11:00:00', '17:00:00', NULL, 2),
(1087, NULL, '11:00:00', '17:00:00', NULL, 3),
(1088, NULL, '11:00:00', '17:00:00', NULL, 4),
(1089, NULL, '11:00:00', '17:00:00', NULL, 5),
(1090, NULL, '11:00:00', '17:00:00', NULL, 6),
(1091, NULL, '19:00:00', '22:00:00', NULL, 1),
(1092, NULL, '19:00:00', '22:00:00', NULL, 2),
(1093, NULL, '19:00:00', '22:00:00', NULL, 3),
(1094, NULL, '19:00:00', '22:00:00', NULL, 4),
(1095, NULL, '21:00:00', '22:00:00', NULL, 4),
(1096, NULL, '20:00:00', '22:00:00', NULL, 0),
(1097, NULL, '20:00:00', '21:00:00', NULL, 2),
(1098, NULL, '20:00:00', '22:00:00', NULL, 6),
(1099, NULL, '20:00:00', '22:00:00', NULL, 1),
(1100, NULL, '20:00:00', '22:00:00', NULL, 3),
(1101, NULL, '20:00:00', '22:00:00', NULL, 5),
(1102, NULL, '20:00:00', '23:59:00', NULL, 6),
(1103, NULL, '20:00:00', '23:59:00', NULL, 0),
(1104, NULL, '20:00:00', '23:59:00', NULL, 4),
(1105, NULL, '20:00:00', '23:59:00', NULL, 2),
(1106, NULL, '21:00:00', '22:00:00', NULL, 4),
(1107, NULL, '20:00:00', '23:59:00', NULL, 1),
(1108, NULL, '20:00:00', '23:59:00', NULL, 3),
(1109, NULL, '20:00:00', '23:59:00', NULL, 5),
(1110, NULL, '21:00:00', '22:45:00', NULL, 3),
(1111, NULL, '20:00:00', '22:00:00', NULL, 0),
(1112, NULL, '20:00:00', '22:00:00', NULL, 6),
(1113, NULL, '20:00:00', '23:59:00', NULL, 3),
(1114, NULL, '20:00:00', '23:59:00', NULL, 5),
(1115, NULL, '20:00:00', '23:59:00', NULL, 1),
(1116, NULL, '20:00:00', '23:59:00', NULL, 2),
(1117, NULL, '20:00:00', '23:59:00', NULL, 1),
(1118, NULL, '20:00:00', '23:59:00', NULL, 2),
(1119, NULL, '23:00:00', '00:00:00', NULL, 2),
(1120, NULL, '19:00:00', '21:00:00', NULL, 0),
(1121, NULL, '19:00:00', '21:00:00', NULL, 2),
(1122, NULL, '19:00:00', '21:00:00', NULL, 4),
(1123, NULL, '19:00:00', '21:00:00', NULL, 6),
(1124, NULL, '20:00:00', '23:59:00', NULL, 2),
(1125, NULL, '21:00:00', '22:45:00', NULL, 6),
(1126, NULL, '21:00:00', '22:45:00', NULL, 6),
(1127, NULL, '21:00:00', '22:45:00', NULL, 5),
(1128, NULL, '20:00:00', '22:00:00', NULL, 4),
(1129, NULL, '20:00:00', '22:00:00', NULL, 6),
(1130, NULL, '20:00:00', '22:00:00', NULL, 0),
(1131, NULL, '20:00:00', '22:00:00', NULL, 1),
(1132, NULL, '20:00:00', '22:00:00', NULL, 0),
(1133, NULL, '20:00:00', '22:00:00', NULL, 1);
INSERT INTO `calendario` (`id`, `fecha`, `hora_inicio`, `hora_final`, `duracion`, `dia`) VALUES
(1134, NULL, '22:00:00', '00:00:00', NULL, 4),
(1135, NULL, '19:00:00', '21:00:00', NULL, 0),
(1136, NULL, '19:00:00', '21:00:00', NULL, 2),
(1137, NULL, '19:00:00', '21:00:00', NULL, 3),
(1138, NULL, '19:00:00', '21:00:00', NULL, 4),
(1139, NULL, '19:00:00', '21:00:00', NULL, 0),
(1140, NULL, '19:00:00', '21:00:00', NULL, 2),
(1141, NULL, '19:00:00', '21:00:00', NULL, 3),
(1142, NULL, '19:00:00', '21:00:00', NULL, 4),
(1143, NULL, '20:00:00', '22:00:00', NULL, 4),
(1144, NULL, '20:00:00', '22:00:00', NULL, 6),
(1145, NULL, '19:00:00', '21:00:00', NULL, 0),
(1146, NULL, '19:00:00', '21:00:00', NULL, 2),
(1147, NULL, '19:00:00', '21:00:00', NULL, 3),
(1148, NULL, '19:00:00', '21:00:00', NULL, 4),
(1149, NULL, '20:00:00', '00:00:00', NULL, 0),
(1150, NULL, '20:00:00', '22:00:00', NULL, 1),
(1151, NULL, '20:00:00', '22:00:00', NULL, 4),
(1152, NULL, '20:00:00', '22:00:00', NULL, 2),
(1153, NULL, '20:00:00', '22:00:00', NULL, 6),
(1154, NULL, '20:00:00', '22:00:00', NULL, 2),
(1155, NULL, '20:00:00', '22:00:00', NULL, 6),
(1156, NULL, '20:00:00', '23:59:00', NULL, 6),
(1157, NULL, '20:00:00', '21:15:00', NULL, 1),
(1158, NULL, '20:00:00', '21:15:00', NULL, 5),
(1159, NULL, '20:00:00', '21:00:00', NULL, 6),
(1160, NULL, '20:00:00', '21:00:00', NULL, 3),
(1161, NULL, '23:00:00', '01:00:00', NULL, 6),
(1162, NULL, '13:00:00', '17:00:00', NULL, 5),
(1163, NULL, '22:00:00', '23:00:00', NULL, 5),
(1164, NULL, '20:00:00', '21:15:00', NULL, 1),
(1165, NULL, '20:00:00', '21:15:00', NULL, 5),
(1166, NULL, '20:00:00', '21:15:00', NULL, 1),
(1167, NULL, '20:00:00', '21:15:00', NULL, 5),
(1168, NULL, '23:00:00', '23:59:00', NULL, 5),
(1169, NULL, '23:00:00', '00:00:00', NULL, 2),
(1170, NULL, '22:00:00', '23:00:00', NULL, 1),
(1171, NULL, '22:00:00', '23:00:00', NULL, 1),
(1172, NULL, '19:00:00', '22:00:00', NULL, 1),
(1173, NULL, '19:00:00', '22:00:00', NULL, 2),
(1174, NULL, '19:00:00', '22:00:00', NULL, 3),
(1175, NULL, '19:00:00', '22:00:00', NULL, 4),
(1176, NULL, '19:00:00', '22:00:00', NULL, 5),
(1177, NULL, '19:00:00', '22:00:00', NULL, 6),
(1178, NULL, '22:00:00', '00:00:00', NULL, 3),
(1179, NULL, '23:00:00', '00:00:00', NULL, 5),
(1180, NULL, '21:00:00', '23:00:00', NULL, 6),
(1181, NULL, '21:00:00', '23:00:00', NULL, 6),
(1182, NULL, '21:00:00', '23:00:00', NULL, 6),
(1183, NULL, '21:00:00', '23:00:00', NULL, 4),
(1184, NULL, '21:00:00', '23:00:00', NULL, 6),
(1185, NULL, '23:00:00', '01:00:00', NULL, 4),
(1186, NULL, '19:00:00', '22:00:00', NULL, 1),
(1187, NULL, '19:00:00', '22:00:00', NULL, 2),
(1188, NULL, '19:00:00', '22:00:00', NULL, 3),
(1189, NULL, '19:00:00', '22:00:00', NULL, 4),
(1190, NULL, '19:00:00', '22:00:00', NULL, 6),
(1191, NULL, '21:00:00', '22:45:00', NULL, 0),
(1192, NULL, '21:00:00', '22:45:00', NULL, 2),
(1193, NULL, '21:00:00', '22:45:00', NULL, 3),
(1194, NULL, '21:00:00', '22:45:00', NULL, 4),
(1195, NULL, '22:00:00', '00:00:00', NULL, 2),
(1196, NULL, '20:30:00', '23:00:00', NULL, 2),
(1197, NULL, '23:00:00', '01:00:00', NULL, 2),
(1198, NULL, '22:00:00', '23:30:00', NULL, 2),
(1199, NULL, '23:00:00', '23:59:00', NULL, 6),
(1200, NULL, '00:00:00', '01:00:00', NULL, 6),
(1201, NULL, '20:00:00', '23:59:00', NULL, 1),
(1202, NULL, '00:00:00', '01:00:00', NULL, 1),
(1203, NULL, '20:00:00', '23:59:00', NULL, 3),
(1204, NULL, '20:00:00', '23:59:00', NULL, 5),
(1205, NULL, '00:00:00', '01:00:00', NULL, 5),
(1206, NULL, '20:00:00', '23:59:00', NULL, 0),
(1207, NULL, '00:00:00', '01:00:00', NULL, 0),
(1208, NULL, '20:00:00', '23:59:00', NULL, 2),
(1209, NULL, '00:00:00', '01:00:00', NULL, 2),
(1210, NULL, '20:00:00', '23:59:00', NULL, 4),
(1211, NULL, '00:00:00', '01:00:00', NULL, 4),
(1212, NULL, '20:00:00', '22:00:00', NULL, 3),
(1213, NULL, '20:00:00', '22:00:00', NULL, 4),
(1214, NULL, '20:00:00', '22:00:00', NULL, 6),
(1215, NULL, '22:00:00', '23:00:00', NULL, 5),
(1216, NULL, '22:00:00', '23:00:00', NULL, 5),
(1217, NULL, '22:00:00', '23:00:00', NULL, 5),
(1218, NULL, '22:00:00', '23:00:00', NULL, 5),
(1219, NULL, '20:00:00', '21:15:00', NULL, 1),
(1220, NULL, '19:15:00', '21:15:00', NULL, 5),
(1221, NULL, '19:15:00', '21:00:00', NULL, 6),
(1222, NULL, '20:30:00', '22:00:00', NULL, 4),
(1223, NULL, '20:30:00', '22:00:00', NULL, 6),
(1224, NULL, '22:00:00', '23:00:00', NULL, 5),
(1225, NULL, '22:00:00', '23:00:00', NULL, 6),
(1226, NULL, '19:00:00', '22:00:00', NULL, 1),
(1227, NULL, '19:00:00', '22:00:00', NULL, 2),
(1228, NULL, '19:00:00', '22:00:00', NULL, 3),
(1229, NULL, '19:00:00', '22:00:00', NULL, 5),
(1230, NULL, '11:00:00', '17:00:00', NULL, 5),
(1231, NULL, '11:00:00', '17:00:00', NULL, 6),
(1232, NULL, '20:00:00', '21:15:00', NULL, 1),
(1233, NULL, '20:15:00', '21:15:00', NULL, 5),
(1234, NULL, '23:00:00', '01:00:00', NULL, 2),
(1235, NULL, '23:00:00', '13:00:00', NULL, 6),
(1236, NULL, '23:00:00', '01:00:00', NULL, 2),
(1237, NULL, '23:00:00', '00:00:00', NULL, 6),
(1238, NULL, '20:00:00', '21:00:00', NULL, 6),
(1239, NULL, '20:00:00', '21:15:00', NULL, 1),
(1240, NULL, '20:00:00', '21:15:00', NULL, 5),
(1241, NULL, '23:00:00', '00:00:00', NULL, 5),
(1242, NULL, '20:00:00', '21:00:00', NULL, 3),
(1243, NULL, '13:00:00', '17:00:00', NULL, 5),
(1244, NULL, '13:00:00', '17:00:00', NULL, 6),
(1245, NULL, '13:00:00', '17:00:00', NULL, 5),
(1246, NULL, '20:30:00', '23:30:00', NULL, 2),
(1247, NULL, '20:30:00', '23:00:00', NULL, 2),
(1248, NULL, '20:00:00', '23:59:00', NULL, 0),
(1249, NULL, '00:00:00', '01:00:00', NULL, 0),
(1250, NULL, '20:00:00', '23:59:00', NULL, 2),
(1251, NULL, '00:00:00', '01:00:00', NULL, 2),
(1252, NULL, '20:00:00', '23:59:00', NULL, 5),
(1253, NULL, '19:00:00', '22:00:00', NULL, 1),
(1254, NULL, '19:00:00', '22:00:00', NULL, 2),
(1255, NULL, '19:00:00', '22:00:00', NULL, 3),
(1256, NULL, '19:00:00', '22:00:00', NULL, 4),
(1257, NULL, '19:00:00', '22:00:00', NULL, 6),
(1258, NULL, '19:00:00', '22:00:00', NULL, 5),
(1259, NULL, '20:00:00', '23:59:00', NULL, 1),
(1260, NULL, '00:00:00', '01:00:00', NULL, 1),
(1261, NULL, '21:00:00', '23:00:00', NULL, 3),
(1262, NULL, '21:00:00', '23:00:00', NULL, 6),
(1263, NULL, '20:00:00', '23:59:00', NULL, 1),
(1264, NULL, '00:00:00', '01:00:00', NULL, 1),
(1265, NULL, '21:00:00', '23:00:00', NULL, 3),
(1266, NULL, '21:00:00', '23:00:00', NULL, 6),
(1267, NULL, '21:00:00', '23:00:00', NULL, 3),
(1268, NULL, '21:00:00', '23:00:00', NULL, 6),
(1269, NULL, '22:00:00', '00:00:00', NULL, 3),
(1270, NULL, '22:00:00', '23:00:00', NULL, 3),
(1271, NULL, '21:00:00', '23:00:00', NULL, 4),
(1272, NULL, '20:00:00', '21:00:00', NULL, 3),
(1273, NULL, '08:00:00', '16:00:00', NULL, 0),
(1274, NULL, '08:00:00', '16:00:00', NULL, 1),
(1275, NULL, '08:00:00', '16:00:00', NULL, 2),
(1276, NULL, '08:00:00', '16:00:00', NULL, 3),
(1277, NULL, '08:00:00', '16:00:00', NULL, 4),
(1278, NULL, '08:00:00', '16:00:00', NULL, 5),
(1279, NULL, '08:00:00', '16:00:00', NULL, 6),
(1280, NULL, '22:00:00', '23:00:00', NULL, 4),
(1281, NULL, '22:00:00', '23:00:00', NULL, 1),
(1282, NULL, '22:00:00', '23:00:00', NULL, 1),
(1283, NULL, '20:00:00', '23:59:00', NULL, 0),
(1284, NULL, '20:00:00', '23:59:00', NULL, 2),
(1285, NULL, '20:00:00', '23:59:00', NULL, 0),
(1286, NULL, '20:00:00', '23:59:00', NULL, 2),
(1287, NULL, '11:00:00', '17:00:00', NULL, 0),
(1288, NULL, '11:00:00', '17:00:00', NULL, 1),
(1289, NULL, '11:00:00', '17:00:00', NULL, 2),
(1290, NULL, '11:00:00', '17:00:00', NULL, 3),
(1291, NULL, '11:00:00', '17:00:00', NULL, 4),
(1292, NULL, '11:00:00', '17:00:00', NULL, 5),
(1293, NULL, '11:00:00', '17:00:00', NULL, 6),
(1294, NULL, '11:00:00', '17:00:00', NULL, 0),
(1295, NULL, '11:00:00', '17:00:00', NULL, 1),
(1296, NULL, '11:00:00', '17:00:00', NULL, 2),
(1297, NULL, '11:00:00', '17:00:00', NULL, 3),
(1298, NULL, '11:00:00', '17:00:00', NULL, 4),
(1299, NULL, '11:00:00', '17:00:00', NULL, 5),
(1300, NULL, '11:00:00', '17:00:00', NULL, 6),
(1301, NULL, '18:00:00', '22:00:00', NULL, 1),
(1302, NULL, '18:00:00', '22:00:00', NULL, 2),
(1303, NULL, '18:00:00', '22:00:00', NULL, 3),
(1304, NULL, '18:00:00', '22:00:00', NULL, 4),
(1305, NULL, '18:00:00', '22:00:00', NULL, 6),
(1306, NULL, '12:00:00', '13:00:00', NULL, 5),
(1307, NULL, '12:00:00', '13:00:00', NULL, 6),
(1308, NULL, '12:00:00', '13:00:00', NULL, 5),
(1309, NULL, '19:00:00', '22:00:00', NULL, 5),
(1310, NULL, '18:00:00', '22:00:00', NULL, 5),
(1311, NULL, '12:00:00', '18:00:00', NULL, 2),
(1312, NULL, '12:00:00', '18:00:00', NULL, 3),
(1313, NULL, '12:00:00', '18:00:00', NULL, 2),
(1314, NULL, '12:00:00', '18:00:00', NULL, 3),
(1315, NULL, '12:00:00', '18:00:00', NULL, 2),
(1316, NULL, '12:00:00', '18:00:00', NULL, 3),
(1317, NULL, '22:00:00', '23:00:00', NULL, 5),
(1318, NULL, '12:00:00', '18:00:00', NULL, 2),
(1319, NULL, '12:00:00', '18:00:00', NULL, 3),
(1320, NULL, '15:00:00', '20:00:00', NULL, 0),
(1321, NULL, '13:00:00', '17:00:00', NULL, 2),
(1322, NULL, '13:00:00', '17:00:00', NULL, 2),
(1323, NULL, '13:00:00', '17:00:00', NULL, 2),
(1324, NULL, '11:00:00', '18:00:00', NULL, 1),
(1325, NULL, '11:00:00', '18:00:00', NULL, 1),
(1326, NULL, '20:00:00', '22:00:00', NULL, 4),
(1327, NULL, '20:00:00', '22:00:00', NULL, 4),
(1328, NULL, '20:00:00', '22:00:00', NULL, 2),
(1329, NULL, '20:00:00', '22:00:00', NULL, 4),
(1330, NULL, '20:00:00', '23:59:00', NULL, 1),
(1331, NULL, '20:00:00', '22:00:00', NULL, 5),
(1332, NULL, '20:30:00', '22:00:00', NULL, 3),
(1333, NULL, '20:30:00', '22:00:00', NULL, 4),
(1334, NULL, '20:30:00', '22:00:00', NULL, 6),
(1335, NULL, '20:00:00', '22:00:00', NULL, 5),
(1336, NULL, '20:00:00', '22:00:00', NULL, 2),
(1337, NULL, '20:00:00', '22:00:00', NULL, 4),
(1338, NULL, '23:00:00', '00:00:00', NULL, 5),
(1339, NULL, '22:00:00', '23:00:00', NULL, 4),
(1340, NULL, '22:00:00', '23:00:00', NULL, 5),
(1341, NULL, '11:00:00', '18:00:00', NULL, 4),
(1342, NULL, '11:00:00', '18:00:00', NULL, 5),
(1343, NULL, '11:00:00', '18:00:00', NULL, 2),
(1344, NULL, '11:00:00', '18:00:00', NULL, 6),
(1345, NULL, '20:00:00', '22:00:00', NULL, 4),
(1346, NULL, '20:00:00', '21:00:00', NULL, 3),
(1347, NULL, '20:00:00', '21:00:00', NULL, 3),
(1348, NULL, '15:00:00', '18:00:00', NULL, 6),
(1349, NULL, '20:00:00', '21:00:00', NULL, 5),
(1350, NULL, '20:30:00', '22:00:00', NULL, 3),
(1351, NULL, '20:30:00', '22:00:00', NULL, 4),
(1352, NULL, '20:30:00', '22:00:00', NULL, 6),
(1353, NULL, '22:00:00', '23:00:00', NULL, 2),
(1354, NULL, '22:00:00', '23:00:00', NULL, 2),
(1355, NULL, '20:30:00', '23:00:00', NULL, 1),
(1356, NULL, '22:00:00', '23:00:00', NULL, 2),
(1357, NULL, '22:00:00', '01:00:00', NULL, 0),
(1358, NULL, '22:00:00', '01:00:00', NULL, 1),
(1359, NULL, '22:00:00', '01:00:00', NULL, 2),
(1360, NULL, '22:00:00', '01:00:00', NULL, 3),
(1361, NULL, '22:00:00', '01:00:00', NULL, 4),
(1362, NULL, '22:00:00', '01:00:00', NULL, 5),
(1363, NULL, '22:00:00', '01:00:00', NULL, 6),
(1364, NULL, '20:00:00', '22:00:00', NULL, 6),
(1365, NULL, '20:30:00', '23:00:00', NULL, 1),
(1366, NULL, '20:30:00', '23:00:00', NULL, 1),
(1367, NULL, '11:00:00', '18:00:00', NULL, 2),
(1368, NULL, '11:00:00', '18:00:00', NULL, 3),
(1369, NULL, '15:00:00', '18:00:00', NULL, 4),
(1370, NULL, '13:00:00', '15:00:00', NULL, 3),
(1371, NULL, '11:00:00', '18:00:00', NULL, 2),
(1372, NULL, '11:00:00', '18:00:00', NULL, 2),
(1373, NULL, '11:00:00', '18:00:00', NULL, 3),
(1374, NULL, '11:00:00', '18:00:00', NULL, 3),
(1375, NULL, '12:00:00', '18:00:00', NULL, 3),
(1376, NULL, '12:00:00', '18:00:00', NULL, 3),
(1377, NULL, '12:00:00', '18:00:00', NULL, 3),
(1378, NULL, '11:00:00', '18:00:00', NULL, 2),
(1379, NULL, '12:00:00', '18:00:00', NULL, 2),
(1380, NULL, '20:00:00', '21:00:00', NULL, 3),
(1381, NULL, '20:00:00', '22:00:00', NULL, 6),
(1382, NULL, '20:00:00', '22:00:00', NULL, 3),
(1383, NULL, '20:30:00', '21:30:00', NULL, 2),
(1384, NULL, '23:00:00', '23:59:00', NULL, 5),
(1385, NULL, '20:00:00', '21:00:00', NULL, 3),
(1386, NULL, '22:00:00', '23:00:00', NULL, 1),
(1387, NULL, '13:00:00', '18:00:00', NULL, 4),
(1388, NULL, '13:00:00', '18:00:00', NULL, 2),
(1389, NULL, '23:00:00', '01:00:00', NULL, 2),
(1390, NULL, '23:00:00', '01:00:00', NULL, 2),
(1391, NULL, '18:30:00', '19:30:00', NULL, 6),
(1392, NULL, '23:00:00', '01:00:00', NULL, 2),
(1393, NULL, '23:00:00', '01:00:00', NULL, 6),
(1394, NULL, '23:00:00', '01:00:00', NULL, 2),
(1395, NULL, '23:00:00', '01:00:00', NULL, 6),
(1396, NULL, '20:00:00', '21:00:00', NULL, 5),
(1397, NULL, '15:00:00', '18:00:00', NULL, 3),
(1398, NULL, '13:00:00', '18:00:00', NULL, 2),
(1399, NULL, '13:00:00', '18:00:00', NULL, 2),
(1400, NULL, '21:00:00', '23:59:00', NULL, 1),
(1401, NULL, '18:00:00', '01:00:00', NULL, 0),
(1402, NULL, '18:00:00', '01:00:00', NULL, 2),
(1403, NULL, '18:00:00', '01:00:00', NULL, 0),
(1404, NULL, '18:00:00', '01:00:00', NULL, 2),
(1405, NULL, '21:00:00', '23:00:00', NULL, 4),
(1406, NULL, '21:00:00', '23:00:00', NULL, 4),
(1407, NULL, '21:00:00', '23:00:00', NULL, 4),
(1408, NULL, '18:00:00', '01:00:00', NULL, 5),
(1409, NULL, '18:00:00', '01:00:00', NULL, 5),
(1410, NULL, '18:00:00', '01:00:00', NULL, 5),
(1411, NULL, '20:00:00', '21:00:00', NULL, 3),
(1412, NULL, '20:00:00', '21:00:00', NULL, 4),
(1413, NULL, '20:00:00', '21:00:00', NULL, 5),
(1414, NULL, '20:00:00', '21:00:00', NULL, 3),
(1415, NULL, '20:00:00', '21:00:00', NULL, 4),
(1416, NULL, '20:00:00', '21:00:00', NULL, 5),
(1417, NULL, '20:00:00', '21:00:00', NULL, 3),
(1418, NULL, '20:00:00', '21:00:00', NULL, 4),
(1419, NULL, '20:00:00', '21:00:00', NULL, 5),
(1420, NULL, '21:00:00', '23:00:00', NULL, 3),
(1421, NULL, '21:00:00', '23:00:00', NULL, 3),
(1422, NULL, '20:00:00', '22:00:00', NULL, 4),
(1423, NULL, '20:00:00', '22:00:00', NULL, 4),
(1424, NULL, '22:00:00', '01:00:00', NULL, 1),
(1425, NULL, '22:00:00', '01:00:00', NULL, 2),
(1426, NULL, '22:00:00', '01:00:00', NULL, 3),
(1427, NULL, '22:00:00', '01:00:00', NULL, 4),
(1428, NULL, '22:00:00', '01:00:00', NULL, 5),
(1429, NULL, '22:00:00', '01:00:00', NULL, 1),
(1430, NULL, '22:00:00', '01:00:00', NULL, 2),
(1431, NULL, '22:00:00', '01:00:00', NULL, 3),
(1432, NULL, '22:00:00', '01:00:00', NULL, 4),
(1433, NULL, '22:00:00', '01:00:00', NULL, 5),
(1434, NULL, '22:00:00', '01:00:00', NULL, 1),
(1435, NULL, '22:00:00', '01:00:00', NULL, 2),
(1436, NULL, '22:00:00', '01:00:00', NULL, 3),
(1437, NULL, '22:00:00', '01:00:00', NULL, 4),
(1438, NULL, '22:00:00', '01:00:00', NULL, 5),
(1439, NULL, '21:00:00', '23:00:00', NULL, 3),
(1440, NULL, '21:00:00', '23:00:00', NULL, 3),
(1441, NULL, '21:00:00', '23:00:00', NULL, 3),
(1442, NULL, '21:00:00', '23:00:00', NULL, 3),
(1443, NULL, '20:00:00', '21:00:00', NULL, 5),
(1444, NULL, '20:00:00', '21:00:00', NULL, 5),
(1445, NULL, '20:00:00', '21:00:00', NULL, 5),
(1446, NULL, '20:00:00', '22:00:00', NULL, 4),
(1447, NULL, '20:00:00', '22:00:00', NULL, 4),
(1448, NULL, '20:00:00', '22:00:00', NULL, 4),
(1449, NULL, '20:00:00', '22:00:00', NULL, 4),
(1450, NULL, '23:00:00', '00:00:00', NULL, 4),
(1451, NULL, '23:00:00', '00:00:00', NULL, 4),
(1452, NULL, '23:00:00', '00:00:00', NULL, 4),
(1453, NULL, '20:00:00', '21:00:00', NULL, 2),
(1454, NULL, '20:00:00', '21:00:00', NULL, 2),
(1455, NULL, '20:00:00', '21:00:00', NULL, 3),
(1456, NULL, '20:00:00', '21:00:00', NULL, 3),
(1457, NULL, '20:00:00', '22:00:00', NULL, 4),
(1458, NULL, '20:00:00', '22:00:00', NULL, 4),
(1459, NULL, '23:00:00', '23:59:00', NULL, 3),
(1460, NULL, '23:00:00', '01:00:00', NULL, 6),
(1461, NULL, '23:00:00', '23:59:00', NULL, 3),
(1462, NULL, '23:00:00', '01:00:00', NULL, 6),
(1463, NULL, '23:00:00', '23:59:00', NULL, 3),
(1464, NULL, '23:00:00', '23:59:00', NULL, 6),
(1465, NULL, '23:00:00', '23:59:00', NULL, 3),
(1466, NULL, '23:00:00', '23:59:00', NULL, 6),
(1467, NULL, '23:00:00', '23:59:00', NULL, 5),
(1468, NULL, '23:00:00', '23:59:00', NULL, 5),
(1469, NULL, '23:00:00', '23:59:00', NULL, 5),
(1470, NULL, '22:00:00', '23:00:00', NULL, 2),
(1471, NULL, '22:00:00', '23:00:00', NULL, 2),
(1472, NULL, '22:00:00', '23:00:00', NULL, 2),
(1473, NULL, '22:00:00', '23:00:00', NULL, 2),
(1474, NULL, '20:00:00', '21:00:00', NULL, 3),
(1475, NULL, '20:00:00', '21:00:00', NULL, 3),
(1476, NULL, '23:00:00', '23:59:00', NULL, 2),
(1477, NULL, '23:00:00', '23:59:00', NULL, 6),
(1478, NULL, '23:00:00', '23:59:00', NULL, 2),
(1479, NULL, '23:00:00', '23:59:00', NULL, 6),
(1480, NULL, '20:30:00', '23:00:00', NULL, 3),
(1481, NULL, '20:30:00', '23:00:00', NULL, 4),
(1482, NULL, '20:30:00', '23:00:00', NULL, 6),
(1483, NULL, '20:30:00', '23:00:00', NULL, 3),
(1484, NULL, '20:30:00', '23:00:00', NULL, 4),
(1485, NULL, '20:30:00', '23:00:00', NULL, 6),
(1486, NULL, '22:00:00', '23:00:00', NULL, 3),
(1487, NULL, '22:00:00', '23:00:00', NULL, 3),
(1488, NULL, '20:00:00', '21:00:00', NULL, 3),
(1489, NULL, '20:00:00', '21:00:00', NULL, 3),
(1490, NULL, '20:00:00', '22:00:00', NULL, 4),
(1491, NULL, '20:00:00', '22:00:00', NULL, 4),
(1492, NULL, '23:00:00', '02:00:00', NULL, 1),
(1493, NULL, '23:00:00', '02:00:00', NULL, 2),
(1494, NULL, '23:00:00', '02:00:00', NULL, 3),
(1495, NULL, '23:00:00', '02:00:00', NULL, 4),
(1496, NULL, '23:00:00', '02:00:00', NULL, 5),
(1497, NULL, '23:00:00', '02:00:00', NULL, 6),
(1498, NULL, '23:00:00', '02:00:00', NULL, 1),
(1499, NULL, '23:00:00', '02:00:00', NULL, 2),
(1500, NULL, '23:00:00', '02:00:00', NULL, 3),
(1501, NULL, '23:00:00', '02:00:00', NULL, 4),
(1502, NULL, '23:00:00', '02:00:00', NULL, 5),
(1503, NULL, '23:00:00', '02:00:00', NULL, 6);

-- --------------------------------------------------------

--
-- Estructura de tabla para la tabla `categorias`
--

CREATE TABLE `categorias` (
  `id` int(11) NOT NULL,
  `categoria` varchar(45) DEFAULT NULL
) ENGINE=InnoDB DEFAULT CHARSET=utf8;

--
-- Volcado de datos para la tabla `categorias`
--

INSERT INTO `categorias` (`id`, `categoria`) VALUES
(1, 'Entretenimiento'),
(2, 'Restaurantes'),
(3, 'Bares'),
(4, 'Promociones'),
(5, 'Eventos');

-- --------------------------------------------------------

--
-- Estructura de tabla para la tabla `centros_consumos`
--

CREATE TABLE `centros_consumos` (
  `id` int(11) NOT NULL,
  `nombre` varchar(180) NOT NULL,
  `concepto_es` varchar(200) DEFAULT NULL,
  `concepto_en` varchar(200) DEFAULT NULL,
  `logo` varchar(255) DEFAULT NULL,
  `img_portada` varchar(255) DEFAULT NULL,
  `categoria_id` int(11) NOT NULL
) ENGINE=InnoDB DEFAULT CHARSET=utf8;

--
-- Volcado de datos para la tabla `centros_consumos`
--

INSERT INTO `centros_consumos` (`id`, `nombre`, `concepto_es`, `concepto_en`, `logo`, `img_portada`, `categoria_id`) VALUES
(1, 'BENAZUZA', 'Cocina tecnoemocional', 'Technoemotional cuisine', 'public/uploads/centros_consumo/restaurantes/benazuza/logo-1525358691232.png', 'public/uploads/centros_consumo/restaurantes/benazuza/portada-1525358685965.jpg', 2),
(2, 'THE WHITE BOX', 'Gastrobar', 'Gastrobar', 'public/uploads/centros_consumo/restaurantes/the-white-box/logo-1525358493575.png', 'public/uploads/centros_consumo/restaurantes/the-white-box/portada-1525358493578.jpg', 2),
(3, 'BLACK HOLE', 'Degustación a ciegas', 'Blind tasting Experience', 'public/uploads/centros_consumo/restaurantes/black-hole/logo-1525358946961.jpg', 'public/uploads/centros_consumo/restaurantes/black-hole/portada-1525358947162.jpg', 2),
(4, 'LE BUFFET    ', 'Buffet internacional ', 'International Buffet ', 'public/uploads/centros_consumo/restaurantes/le-buffet/logo-1525359314485.png', 'public/uploads/centros_consumo/restaurantes/le-buffet/portada-1525359314490.jpg', 2),
(5, 'BITES', 'Antojitos ', 'Snacks ', 'public/uploads/centros_consumo/restaurantes/bites/logo-1525359695138.png', 'public/uploads/centros_consumo/restaurantes/bites/portada-1526415318528.jpg', 2),
(7, 'CAREYES', 'Parrilla y mariscos', 'Grill & Sea food', 'public/uploads/centros_consumo/restaurantes/careyes/logo-1525362640841.png', 'public/uploads/centros_consumo/restaurantes/careyes/portada-1525362640842.jpg', 2),
(8, 'SIAN KA´AN BEACH CLUB', 'Snacks ', 'Snacks ', 'public/uploads/centros_consumo/restaurantes/sian-kaan-beach-club/logo-1525362825296.png', 'public/uploads/centros_consumo/restaurantes/sian-kaan-beach-club/portada-1525362825385.jpg', 2),
(9, 'VILLA PAOLA WINE BAR', 'Tapas-Bar', 'Tapas-Bar', 'public/uploads/centros_consumo/restaurantes/villa-paola-wine-bar/logo-1525363211315.png', 'public/uploads/centros_consumo/restaurantes/villa-paola-wine-bar/portada-1525363211317.jpg', 2),
(11, 'FOUNTAINBLEAU', 'Desayuno continental', 'Continental breakfast', 'public/uploads/centros_consumo/restaurantes/fountainbleau/logo-1525363615024.png', 'public/uploads/centros_consumo/restaurantes/fountainbleau/portada-1525363615096.jpg', 2),
(12, 'MAKITACO', 'Fusión Mexicana-Japonesa', 'Mexican-Japanese Fusion', 'public/uploads/centros_consumo/restaurantes/makitaco/logo-1525364061660.png', 'public/uploads/centros_consumo/restaurantes/makitaco/portada-1525364061756.png', 2),
(13, 'HACIENDA SARAPE MB ', 'Tex-Mex', 'Tex-Mex', 'public/uploads/centros_consumo/restaurantes/hacienda-sarape-mb-/logo-1553014250401.png', 'public/uploads/centros_consumo/restaurantes/maria-bonita/portada-1525365321575.jpg', 2),
(14, 'TERRAZA TACOS Y TORTAS HACIENDA SARAPE', 'Tacos y Tortas', 'Tacos y Tortas', 'public/uploads/centros_consumo/restaurantes/terraza-tacos-y-tortas-hacienda-sarape/logo-1553015144047.png', 'public/uploads/centros_consumo/restaurantes/terraza-tacos-y-tortas-maria-bonita/portada-1525365592091.jpg', 2),
(15, 'COCOA HIPPIE CHIC ', 'Snacks ', 'Snacks ', 'public/uploads/centros_consumo/restaurantes/cocoa-hippie-chic-grill/logo-1525365951464.png', 'public/uploads/centros_consumo/restaurantes/cocoa-hippie-chic-grill/portada-1525365951550.jpg', 2),
(16, 'MAKITAKO LT', 'Fusión mexicana-japonesa', 'Mexican-Japanese fusion', 'public/uploads/centros_consumo/restaurantes/makitako-lt/logo-1553014606319.png', 'public/uploads/centros_consumo/restaurantes/akeru-sushi-bar/portada-1525366066846.jpg', 2),
(17, 'DOS LUNAS', 'Restaurante Italiano', 'Italian Restaurant ', 'public/uploads/centros_consumo/restaurantes/dos-lunas/logo-1525366372454.png', 'public/uploads/centros_consumo/restaurantes/dos-lunas/portada-1525366372454.jpg', 2),
(19, 'IL FORNO DOS LUNAS', 'Pizzas y Pastas', 'Pizza & Pasta', 'public/uploads/centros_consumo/restaurantes/il-forno-dos-lunas/logo-1525366693929.png', 'public/uploads/centros_consumo/restaurantes/il-forno-dos-lunas/portada-1525366694035.jpg', 2),
(20, 'BAHIA RODIZZIO', 'Steak House ', 'Steak House ', 'public/uploads/centros_consumo/restaurantes/bahia-rodizzio/logo-1525367140426.png', 'public/uploads/centros_consumo/restaurantes/bahia-rodizzio/portada-1525367140426.jpg', 2),
(21, 'SEVILLA WINE & TAPAS', 'Cocina Mediterránea', 'Maditerranean Cuisine', 'public/uploads/centros_consumo/restaurantes/sevilla-wine-tapas/logo-1525367463518.png', 'public/uploads/centros_consumo/restaurantes/sevilla-wine-tapas/portada-1525367463519.jpg', 2),
(22, 'TUNKUL', 'Buffet internacional', 'International Buffet', 'public/uploads/centros_consumo/restaurantes/tunkul/logo-1525367579127.png', 'public/uploads/centros_consumo/restaurantes/tunkul/portada-1525367579128.jpg', 2),
(23, 'IBIZA HIPPIE CHIC', 'Mariscos y Sushi', 'Seafood & Sushi', 'public/uploads/centros_consumo/restaurantes/ibiza-restaurante/logo-1525367926119.png', 'public/uploads/centros_consumo/restaurantes/ibiza-restaurante/portada-1525367926121.jpg', 2),
(24, 'DOS LUNAS TRATTORIA', 'Restaurante Italiano', 'Italian Restaurant ', 'public/uploads/centros_consumo/restaurantes/dos-lunas-trattoria/logo-1553014344378.png', 'public/uploads/centros_consumo/restaurantes/joys-trattoria/portada-1525368821802.jpg', 2),
(25, 'IL FORNO DOS LUNAS TRATTORIA (Late snack)', 'Late snack', 'Late snack', 'public/uploads/centros_consumo/restaurantes/il-forno-dos-lunas-trattoria-late-snack/logo-1553014965751.png', 'public/uploads/centros_consumo/restaurantes/joys-trattoria-late-snack/portada-1525369322842.jpg', 2),
(27, 'TATISH', 'Buffet internacional ', 'International Buffet', 'public/uploads/centros_consumo/restaurantes/tatish/logo-1525370430595.png', 'public/uploads/centros_consumo/restaurantes/tatish/portada-1525370430595.jpg', 2),
(30, 'DRAGON WEI', 'Fusión China/Mexicana', 'Chinese/Mexican Fusion', 'public/uploads/centros_consumo/restaurantes/dragon-wei/logo-1525371060255.png', 'public/uploads/centros_consumo/restaurantes/dragon-wei/portada-1525371060256.png', 2),
(31, 'LA PLACITA', 'Mr. Whimpy/Happy Chicken/Tacos & Tortas', 'Mr. Whimpy/Happy Chicken/Tacos & Tortas', 'public/uploads/centros_consumo/restaurantes/la-placita/logo-1525371432505.png', 'public/uploads/centros_consumo/restaurantes/la-placita/portada-1525371432575.jpg', 2),
(32, 'HACIENDA SARAPE', 'Tex-Mex', 'Tex-Mex', 'public/uploads/centros_consumo/restaurantes/hacienda-sarape/logo-1525371799405.png', 'public/uploads/centros_consumo/restaurantes/hacienda-sarape/portada-1525371799494.jpg', 2),
(33, 'SCIROCCO SPORT´S BAR DINNER ', 'Bar de Deportes', 'Sport\'s bar', 'public/uploads/centros_consumo/restaurantes/scirocco-sports-bar-dinner-/logo-1525372313842.png', 'public/uploads/centros_consumo/restaurantes/scirocco-sports-bar-dinner-/portada-1525372314008.jpg', 2),
(36, 'SCHILLABAR', '', '', 'public/uploads/centros_consumo/bares/schillabar/logo-1526483124718.png', 'public/uploads/centros_consumo/bares/schillabar/portada-1525375896968.png', 3),
(40, 'THE WHITE BOX BAR', '', '', 'public/uploads/centros_consumo/bares/the-white-box-bar/logo-1526483212471.png', 'public/uploads/centros_consumo/bares/the-white-box-bar/portada-1525463186850.jpg', 3),
(41, 'BENAZUZA BAR ', '', '', 'public/uploads/centros_consumo/bares/benazuza-bar-/logo-1526483230440.png', 'public/uploads/centros_consumo/bares/benazuza-bar-/portada-1525463519361.jpg', 3),
(45, 'SIAN KA´AN BEACH CLUB ', '', '', 'public/uploads/centros_consumo/bares/sian-kaan-beach-club-/logo-1526483264804.png', 'public/uploads/centros_consumo/bares/sian-kaan-beach-club-/portada-1525463998654.jpg', 3),
(46, 'COFFEE & ME The Pyramid', '', '', 'public/uploads/centros_consumo/bares/coffee-me/logo-1526483402714.png', 'public/uploads/centros_consumo/bares/coffee-me/portada-1526483398641.png', 3),
(47, 'KINKY NIGHT CLUB', '', '', 'public/uploads/centros_consumo/bares/kinky-night-club/logo-1526483743829.png', 'public/uploads/centros_consumo/bares/kinky-night-club/portada-1526483810308.jpg', 3),
(48, 'CIGAR CORNER', '', '', 'public/uploads/centros_consumo/bares/cigar-corner/logo-1525464789788.png', 'public/uploads/centros_consumo/bares/cigar-corner/portada-1525464789789.png', 3),
(49, 'CIGAR CORNER', '', '', 'public/uploads/centros_consumo/bares/cigar-corner/logo-1525464840051.png', 'public/uploads/centros_consumo/bares/cigar-corner/portada-1525464840052.png', 3),
(50, 'HAVANA CIGAR CORNER', '', '', 'public/uploads/centros_consumo/bares/cigar-corner/logo-1526486019275.png', 'public/uploads/centros_consumo/bares/cigar-corner/portada-1526485998985.png', 3),
(51, 'HAVANA NIGHT CLUB', '', '', 'public/uploads/centros_consumo/bares/havana-night-club/logo-1526484400613.png', 'public/uploads/centros_consumo/bares/havana-night-club/portada-1526484389202.jpg', 3),
(54, 'CAMAS BALINESAS SPA KIN HA ', '', '', 'public/uploads/centros_consumo/bares/camas-balinesas-spa-kin-ha-/logo-1525466197727.png', 'public/uploads/centros_consumo/bares/camas-balinesas-spa-kin-ha-/portada-1525466197728.png', 3),
(55, 'SANDS BAR OASIS BEACH CLUB', '', '', 'public/uploads/centros_consumo/bares/sands-bar-oasis-beach-club/logo-1526486528263.png', 'public/uploads/centros_consumo/bares/sands-bar-oasis-beach-club/portada-1526486524865.png', 3),
(56, 'IBIZA BAR ', '', '', 'public/uploads/centros_consumo/bares/ibiza-bar-oasis-beach-club/logo-1526486627348.png', 'public/uploads/centros_consumo/bares/ibiza-bar-oasis-beach-club/portada-1525466488415.jpg', 3),
(57, 'SIAN KA\'AN LOUNGE ', '', '', 'public/uploads/centros_consumo/bares/vip-lounge-bar/logo-1526486802635.png', 'public/uploads/centros_consumo/bares/vip-lounge-bar/portada-1526486796016.png', 3),
(58, 'WET BAR DOS LUNAS', '', '', 'public/uploads/centros_consumo/bares/wet-bar-dos-lunas/logo-1526486975848.png', 'public/uploads/centros_consumo/bares/wet-bar-dos-lunas/portada-1526486974497.png', 3),
(60, 'FOUNTAINBLEAU BAR', '', '', 'public/uploads/centros_consumo/bares/fountainbleau-bar/logo-1526487096596.png', 'public/uploads/centros_consumo/bares/fountainbleau-bar/portada-1525467083551.jpg', 3),
(61, 'BAR AGAVES', '', '', 'public/uploads/centros_consumo/bares/bar-agaves/logo-1526487784441.png', 'public/uploads/centros_consumo/bares/bar-agaves/portada-1526487784190.png', 3),
(62, 'SPORTS BAR BARLOVENTO', '', '', 'public/uploads/centros_consumo/bares/barlovento-drink-me/logo-1526488103916.png', 'public/uploads/centros_consumo/bares/barlovento-drink-me/portada-1526488103651.png', 3),
(63, 'COFFEE & ME ', '', '', 'public/uploads/centros_consumo/bares/coffee-me-/logo-1526488886340.png', 'public/uploads/centros_consumo/bares/coffee-me-/portada-1526488867342.png', 3),
(64, 'HEALTH BAR KIN HA', '', '', 'public/uploads/centros_consumo/bares/health-bar-kin-ha/logo-1525467765655.png', 'public/uploads/centros_consumo/bares/health-bar-kin-ha/portada-1526489711532.png', 3),
(65, 'TEQUILERÍA ', '', '', 'public/uploads/centros_consumo/bares/maria-bonita-tequila-tasting-bar-/logo-1526490032486.png', 'public/uploads/centros_consumo/bares/maria-bonita-tequila-tasting-bar-/portada-1525467813100.jpg', 3),
(66, 'COFFEE & YOU', '', '', 'public/uploads/centros_consumo/bares/coffee-you/logo-1526490232263.png', 'public/uploads/centros_consumo/bares/coffee-you/portada-1526490172093.png', 3),
(67, 'IBIZA WET BAR ', '', '', 'public/uploads/centros_consumo/bares/ibiza-wet-bar-/logo-1526490861879.png', 'public/uploads/centros_consumo/bares/ibiza-wet-bar-/portada-1526490874001.png', 3),
(68, 'IBIZA HIPPIE CHIC', '', '', 'public/uploads/centros_consumo/bares/ibiza-hippie-chic/logo-1553023617387.png', 'public/uploads/centros_consumo/bares/ibiza-martini-bar/portada-1525468206309.jpg', 3),
(69, 'LA PLACITA (Soft drinks) ', '', '', 'public/uploads/centros_consumo/bares/la-placita-soft-drinks/logo-1525468521757.png', 'public/uploads/centros_consumo/bares/la-placita-soft-drinks/portada-1525468521758.jpg', 3),
(70, 'WET BAR SARAPE ', '', '', 'public/uploads/centros_consumo/bares/wet-bar-sarape-/logo-1526506362126.png', 'public/uploads/centros_consumo/bares/wet-bar-sarape-/portada-1526506362472.png', 3),
(71, 'LA PLACITA (Soft drinks) ', '', '', 'public/uploads/centros_consumo/bares/la-placita-soft-drinks/logo-1526506688629.png', 'public/uploads/centros_consumo/bares/la-placita-soft-drinks/portada-1525468690000.jpg', 3),
(72, 'COYOTE LOCO ', '', '', 'public/uploads/centros_consumo/bares/coyote-loco-/logo-1526506921975.png', 'public/uploads/centros_consumo/bares/coyote-loco-/portada-1526506919918.png', 3),
(73, 'SPORT BAR SCIROCCO ', '', '', 'public/uploads/centros_consumo/bares/scirocco-sports-bar/logo-1526507073618.png', 'public/uploads/centros_consumo/bares/scirocco-sports-bar/portada-1525469251497.jpg', 3),
(74, 'JOYS BAR ', '', '', 'public/uploads/centros_consumo/bares/joys-bar-/logo-1526507666201.png', 'public/uploads/centros_consumo/bares/joys-bar-/portada-1525469431415.jpg', 3),
(75, 'TERRAZA DOS LUNAS', '', '', 'public/uploads/centros_consumo/bares/bar-dos-lunas/logo-1541433242952.png', 'public/uploads/centros_consumo/bares/bar-dos-lunas/portada-1541433242953.jpg', 3),
(78, 'Cocoa Hippie Chic Bar', '', '', 'public/uploads/centros_consumo/bares/cocoa-hippie-chic-bar/logo-1541434305947.png', 'public/uploads/centros_consumo/bares/cocoa-hippie-chic-bar/portada-1541434306079.jpg', 3),
(79, 'THE O OASIS BEACH CLUB', 'Beach Club', 'Beach Club', 'public/uploads/centros_consumo/bares/the-o-oasis-beach-club/logo-1546872903053.jpg', 'public/uploads/centros_consumo/bares/the-o-oasis-beach-club/portada-1546872903436.jpg', 3),
(80, 'VILLA PAOLA WINE BAR', 'Bar', 'Bar', 'public/uploads/centros_consumo/bares/villa-paola-wine-bar/logo-1553023163959.png', 'public/uploads/centros_consumo/bares/villa-paola-wine-bar/portada-1553023163961.jpg', 3),
(81, 'VILLA PAOLA WINE BAR', 'Bar', 'Bar', 'public/uploads/centros_consumo/bares/villa-paola-wine-bar/logo-1553023178350.png', 'public/uploads/centros_consumo/bares/villa-paola-wine-bar/portada-1553023178350.jpg', 3),
(82, 'VILLA PAOLA ', 'Bar', 'Bar', 'public/uploads/centros_consumo/bares/villa-paola-/logo-1553023190653.png', 'public/uploads/centros_consumo/bares/villa-paola-/portada-1553023190654.jpg', 3),
(83, 'VILLA PAOLA WINE BAR', 'Bar', 'Bar', 'public/uploads/centros_consumo/bares/villa-paola-wine-bar/logo-1553023213984.png', 'public/uploads/centros_consumo/bares/villa-paola-wine-bar/portada-1553023213984.jpg', 3),
(84, 'VILLA PAOLA WINE BAR', 'Bar', 'Bar', 'public/uploads/centros_consumo/bares/villa-paola-wine-bar/logo-1553023220141.png', 'public/uploads/centros_consumo/bares/villa-paola-wine-bar/portada-1553023220141.jpg', 3),
(85, 'VILLA PAOLA WINE BAR', 'Bar', 'Bar', 'public/uploads/centros_consumo/bares/villa-paola-wine-bar/logo-1553023246939.png', 'public/uploads/centros_consumo/bares/villa-paola-wine-bar/portada-1553023246939.jpg', 3),
(86, 'VILLA PAOLA WINE BAR', 'Bar', 'Bar', 'public/uploads/centros_consumo/bares/villa-paola-wine-bar/logo-1553023263180.png', 'public/uploads/centros_consumo/bares/villa-paola-wine-bar/portada-1553023263180.jpg', 3),
(87, 'VILLA PAOLA WINE BAR ', 'Bar', 'Bar', 'public/uploads/centros_consumo/restaurantes/villa-paola-wine-bar-/logo-1553023374570.png', 'public/uploads/centros_consumo/restaurantes/villa-paola-wine-bar-/portada-1553023374571.jpg', 2),
(88, 'VILLA PAOLA WINE BAR ', 'Bar', 'Bar', 'public/uploads/centros_consumo/bares/villa-paola-wine-bar-/logo-1553023385630.png', 'public/uploads/centros_consumo/bares/villa-paola-wine-bar-/portada-1553023385634.jpg', 3),
(89, 'VILLA PAOLA WINE BAR ', 'Bar', 'Bar', 'public/uploads/centros_consumo/bares/villa-paola-wine-bar-/logo-1553023410585.png', 'public/uploads/centros_consumo/bares/villa-paola-wine-bar-/portada-1553023410585.jpg', 3),
(90, 'PYRAMID BEACH CLUB ', 'Club de playa.\nCeviches y Wraps. ', 'Beach Club. \nCeviches & Wraps. ', 'public/uploads/centros_consumo/restaurantes/pyramid-beach-club-/logo-1557846679558.jpg', 'public/uploads/centros_consumo/restaurantes/pyramid-beach-club-/portada-1557846679759.jpg', 2),
(92, 'THE PYRAMID BEACH CLUB ', 'Beach club.', 'Beach club.', 'public/uploads/centros_consumo/bares/the-pyramid-beach-club-/logo-1558710870641.jpg', 'public/uploads/centros_consumo/bares/the-pyramid-beach-club-/portada-1558710870744.jpg', 3),
(94, 'BEACH O', 'Beach Club. ', 'Beach Club. ', 'public/uploads/centros_consumo/bares/beach-o/logo-1558711031186.JPG', 'public/uploads/centros_consumo/bares/beach-o/portada-1558711032197.JPG', 3),
(95, 'IGUAN O', 'Beach Club. ', 'Beach Club. ', 'public/uploads/centros_consumo/bares/iguan-o/logo-1558711144191.JPG', 'public/uploads/centros_consumo/bares/iguan-o/portada-1558711145091.JPG', 3);

-- --------------------------------------------------------

--
-- Estructura de tabla para la tabla `centros_consumo_detalles`
--

CREATE TABLE `centros_consumo_detalles` (
  `id` int(11) UNSIGNED NOT NULL,
  `centro_consumo_id` int(11) NOT NULL,
  `hotel_id` int(11) NOT NULL,
  `destacado` int(11) NOT NULL DEFAULT 0
) ENGINE=InnoDB DEFAULT CHARSET=utf8;

--
-- Volcado de datos para la tabla `centros_consumo_detalles`
--

INSERT INTO `centros_consumo_detalles` (`id`, `centro_consumo_id`, `hotel_id`, `destacado`) VALUES
(90, 47, 5, 0),
(91, 47, 1, 0),
(134, 70, 1, 0),
(135, 70, 5, 0),
(136, 70, 9, 0),
(156, 36, 5, 0),
(161, 51, 5, 0),
(162, 51, 1, 0),
(175, 60, 5, 0),
(225, 71, 1, 0),
(226, 71, 5, 0),
(227, 71, 9, 0),
(330, 58, 1, 0),
(331, 58, 5, 0),
(332, 58, 9, 0),
(345, 74, 1, 0),
(346, 74, 5, 0),
(347, 74, 9, 0),
(363, 78, 1, 0),
(364, 78, 5, 0),
(365, 78, 9, 0),
(372, 55, 1, 0),
(373, 55, 5, 0),
(420, 66, 1, 0),
(421, 66, 5, 0),
(422, 66, 9, 0),
(423, 72, 1, 0),
(424, 72, 5, 0),
(425, 72, 9, 0),
(458, 2, 5, 0),
(468, 79, 1, 0),
(469, 79, 5, 0),
(471, 1, 5, 0),
(495, 46, 5, 0),
(496, 63, 1, 0),
(497, 63, 5, 0),
(498, 63, 9, 0),
(604, 23, 1, 0),
(605, 23, 5, 0),
(606, 23, 9, 0),
(615, 33, 1, 0),
(616, 33, 5, 0),
(617, 33, 9, 0),
(622, 41, 5, 0),
(626, 89, 5, 0),
(627, 64, 1, 0),
(628, 64, 5, 0),
(629, 64, 9, 0),
(630, 67, 1, 0),
(631, 67, 5, 0),
(632, 67, 9, 0),
(633, 50, 5, 0),
(640, 68, 1, 0),
(641, 68, 5, 0),
(642, 68, 9, 0),
(645, 40, 5, 0),
(646, 11, 5, 0),
(672, 9, 5, 0),
(673, 69, 1, 0),
(674, 69, 5, 0),
(675, 69, 9, 0),
(676, 62, 1, 0),
(677, 62, 5, 0),
(678, 62, 9, 0),
(688, 75, 1, 0),
(689, 75, 5, 0),
(690, 75, 9, 0),
(733, 19, 1, 0),
(734, 19, 5, 0),
(735, 19, 9, 0),
(802, 31, 1, 0),
(803, 31, 5, 0),
(804, 31, 9, 0),
(883, 90, 5, 0),
(887, 45, 5, 0),
(894, 61, 1, 0),
(895, 61, 5, 0),
(896, 61, 9, 0),
(905, 20, 1, 0),
(906, 20, 5, 0),
(907, 5, 5, 0),
(908, 3, 5, 0),
(909, 7, 5, 0),
(910, 7, 2, 0),
(911, 15, 1, 0),
(912, 15, 5, 0),
(913, 15, 9, 0),
(916, 17, 1, 0),
(917, 17, 5, 0),
(921, 24, 1, 0),
(922, 24, 5, 0),
(923, 24, 9, 0),
(924, 30, 1, 0),
(925, 30, 5, 0),
(926, 30, 9, 0),
(930, 32, 1, 0),
(931, 32, 5, 0),
(932, 32, 9, 0),
(935, 13, 1, 0),
(936, 13, 5, 0),
(937, 25, 1, 0),
(938, 25, 5, 0),
(939, 25, 9, 0),
(941, 4, 5, 0),
(944, 12, 5, 0),
(945, 12, 1, 0),
(949, 16, 1, 0),
(950, 16, 5, 0),
(951, 16, 9, 0),
(954, 21, 1, 0),
(955, 21, 5, 0),
(956, 8, 5, 0),
(960, 27, 1, 0),
(961, 27, 5, 0),
(962, 27, 9, 0),
(963, 14, 1, 0),
(964, 14, 5, 0),
(965, 14, 9, 0),
(969, 22, 1, 0),
(970, 22, 9, 0),
(971, 22, 5, 0),
(972, 56, 5, 0),
(973, 56, 1, 0),
(974, 56, 9, 0),
(976, 54, 5, 0),
(980, 73, 1, 0),
(981, 73, 5, 0),
(982, 73, 9, 0),
(986, 65, 1, 0),
(987, 65, 5, 0),
(988, 65, 9, 0),
(989, 92, 5, 0),
(991, 94, 1, 0),
(992, 94, 5, 0),
(993, 94, 9, 0),
(994, 95, 1, 0),
(995, 95, 5, 0),
(996, 95, 9, 0),
(997, 57, 5, 0),
(998, 57, 1, 0);

-- --------------------------------------------------------

--
-- Estructura de tabla para la tabla `centros_consumo_horarios`
--

CREATE TABLE `centros_consumo_horarios` (
  `id` int(11) UNSIGNED NOT NULL,
  `centro_consumo_id` int(11) NOT NULL,
  `dia` enum('0','1','2','3','4','5','6') DEFAULT NULL,
  `hora_inicio` time DEFAULT '12:00:00',
  `hora_final` time DEFAULT '13:00:00'
) ENGINE=InnoDB DEFAULT CHARSET=utf8;

--
-- Volcado de datos para la tabla `centros_consumo_horarios`
--

INSERT INTO `centros_consumo_horarios` (`id`, `centro_consumo_id`, `dia`, `hora_inicio`, `hora_final`) VALUES
(476, 47, '1', '18:30:00', '23:59:00'),
(477, 47, '1', '00:00:00', '01:00:00'),
(478, 47, '3', '18:30:00', '23:59:00'),
(479, 47, '3', '00:00:00', '01:00:00'),
(480, 47, '2', '18:30:00', '23:59:00'),
(481, 47, '2', '00:00:00', '01:00:00'),
(482, 47, '4', '18:30:00', '23:59:00'),
(483, 47, '4', '00:00:00', '01:00:00'),
(484, 47, '5', '18:30:00', '23:59:00'),
(485, 47, '5', '00:00:00', '01:00:00'),
(486, 47, '6', '18:30:00', '23:59:00'),
(487, 47, '6', '00:00:00', '01:00:00'),
(624, 70, '0', '10:00:00', '17:00:00'),
(625, 70, '1', '10:00:00', '17:00:00'),
(626, 70, '2', '10:00:00', '17:00:00'),
(627, 70, '3', '10:00:00', '17:00:00'),
(628, 70, '4', '10:00:00', '17:00:00'),
(629, 70, '5', '10:00:00', '17:00:00'),
(630, 70, '6', '10:00:00', '17:00:00'),
(684, 36, '0', '15:00:00', '23:00:00'),
(685, 36, '1', '15:00:00', '23:00:00'),
(686, 36, '3', '15:00:00', '23:00:00'),
(687, 36, '4', '15:00:00', '23:00:00'),
(688, 36, '5', '15:00:00', '23:00:00'),
(689, 36, '6', '15:00:00', '23:00:00'),
(738, 51, '2', '19:00:00', '23:59:00'),
(739, 51, '2', '00:00:00', '01:00:00'),
(740, 51, '3', '19:00:00', '23:59:00'),
(741, 51, '3', '00:00:00', '01:00:00'),
(742, 51, '4', '19:00:00', '23:59:00'),
(743, 51, '4', '00:00:00', '01:00:00'),
(744, 51, '5', '19:00:00', '23:59:00'),
(745, 51, '5', '00:00:00', '01:00:00'),
(746, 51, '6', '19:00:00', '23:59:00'),
(747, 51, '6', '00:00:00', '01:00:00'),
(811, 60, '0', '11:00:00', '23:59:00'),
(812, 60, '0', '00:00:00', '01:00:00'),
(813, 60, '1', '11:00:00', '23:59:00'),
(814, 60, '1', '00:00:00', '01:00:00'),
(815, 60, '2', '11:00:00', '23:59:00'),
(816, 60, '2', '00:00:00', '01:00:00'),
(817, 60, '3', '11:00:00', '23:59:00'),
(818, 60, '3', '00:00:00', '01:00:00'),
(819, 60, '4', '11:00:00', '23:59:00'),
(820, 60, '4', '00:00:00', '01:00:00'),
(821, 60, '5', '11:00:00', '23:59:00'),
(822, 60, '5', '00:00:00', '01:00:00'),
(823, 60, '6', '11:00:00', '23:59:00'),
(824, 60, '6', '00:00:00', '01:00:00'),
(902, 71, '0', '11:00:00', '22:00:00'),
(903, 71, '1', '11:00:00', '22:00:00'),
(904, 71, '2', '11:00:00', '22:00:00'),
(905, 71, '3', '11:00:00', '22:00:00'),
(906, 71, '4', '11:00:00', '22:00:00'),
(907, 71, '5', '11:00:00', '22:00:00'),
(908, 71, '6', '11:00:00', '22:00:00'),
(909, 74, '0', '18:00:00', '22:00:00'),
(910, 74, '1', '18:00:00', '22:00:00'),
(911, 74, '2', '18:00:00', '22:00:00'),
(912, 74, '3', '18:00:00', '22:00:00'),
(913, 74, '4', '18:00:00', '22:00:00'),
(914, 74, '5', '18:00:00', '22:00:00'),
(915, 74, '6', '18:00:00', '22:00:00'),
(1236, 58, '0', '10:00:00', '18:00:00'),
(1237, 58, '1', '10:00:00', '18:00:00'),
(1238, 58, '2', '10:00:00', '18:00:00'),
(1239, 58, '3', '10:00:00', '18:00:00'),
(1240, 58, '4', '10:00:00', '18:00:00'),
(1241, 58, '5', '10:00:00', '18:00:00'),
(1242, 58, '6', '10:00:00', '18:00:00'),
(1277, 78, '0', '10:00:00', '18:00:00'),
(1278, 78, '1', '10:00:00', '18:00:00'),
(1279, 78, '2', '10:00:00', '18:00:00'),
(1280, 78, '3', '10:00:00', '18:00:00'),
(1281, 78, '4', '10:00:00', '18:00:00'),
(1282, 78, '5', '10:00:00', '18:00:00'),
(1283, 78, '6', '10:00:00', '18:00:00'),
(1298, 55, '0', '11:00:00', '18:00:00'),
(1299, 55, '1', '11:00:00', '18:00:00'),
(1300, 55, '2', '11:00:00', '18:00:00'),
(1301, 55, '3', '11:00:00', '18:00:00'),
(1302, 55, '4', '11:00:00', '18:00:00'),
(1303, 55, '5', '11:00:00', '18:00:00'),
(1304, 55, '6', '11:00:00', '18:00:00'),
(1391, 66, '0', '07:00:00', '22:00:00'),
(1392, 66, '1', '07:00:00', '22:00:00'),
(1393, 66, '2', '07:00:00', '22:00:00'),
(1394, 66, '3', '07:00:00', '22:00:00'),
(1395, 66, '4', '07:00:00', '22:00:00'),
(1396, 66, '5', '07:00:00', '22:00:00'),
(1397, 66, '6', '07:00:00', '22:00:00'),
(1398, 72, '0', '18:00:00', '23:59:00'),
(1399, 72, '0', '00:00:00', '01:00:00'),
(1400, 72, '1', '18:00:00', '23:59:00'),
(1401, 72, '1', '00:00:00', '01:00:00'),
(1402, 72, '2', '18:00:00', '23:59:00'),
(1403, 72, '2', '00:00:00', '01:00:00'),
(1404, 72, '3', '18:00:00', '23:59:00'),
(1405, 72, '3', '00:00:00', '01:00:00'),
(1406, 72, '4', '18:00:00', '23:59:00'),
(1407, 72, '4', '00:00:00', '01:00:00'),
(1408, 72, '5', '16:00:00', '23:59:00'),
(1409, 72, '5', '00:00:00', '01:00:00'),
(1410, 72, '6', '18:00:00', '23:59:00'),
(1411, 72, '6', '00:00:00', '01:00:00'),
(1517, 2, '1', '18:30:00', '22:30:00'),
(1518, 2, '2', '18:30:00', '22:30:00'),
(1519, 2, '3', '18:30:00', '22:30:00'),
(1520, 2, '4', '18:30:00', '22:30:00'),
(1521, 2, '5', '18:30:00', '22:30:00'),
(1522, 2, '6', '18:30:00', '22:30:00'),
(1572, 79, '0', '11:00:00', '18:00:00'),
(1573, 79, '1', '11:00:00', '18:00:00'),
(1574, 79, '2', '11:00:00', '18:00:00'),
(1575, 79, '3', '11:00:00', '18:00:00'),
(1576, 79, '4', '11:00:00', '18:00:00'),
(1577, 79, '5', '11:00:00', '18:00:00'),
(1578, 79, '6', '11:00:00', '18:00:00'),
(1585, 1, '0', '18:30:00', '22:00:00'),
(1586, 1, '3', '18:30:00', '22:00:00'),
(1587, 1, '5', '18:30:00', '22:00:00'),
(1588, 1, '4', '18:30:00', '22:00:00'),
(1589, 1, '6', '18:30:00', '22:00:00'),
(1590, 1, '1', '18:30:00', '22:00:00'),
(1658, 46, '0', '07:00:00', '22:00:00'),
(1659, 46, '1', '07:00:00', '22:00:00'),
(1660, 46, '2', '07:00:00', '22:00:00'),
(1661, 46, '3', '07:00:00', '22:00:00'),
(1662, 46, '4', '07:00:00', '22:00:00'),
(1663, 46, '5', '07:00:00', '22:00:00'),
(1664, 46, '6', '07:00:00', '22:00:00'),
(1665, 63, '0', '07:00:00', '22:00:00'),
(1666, 63, '1', '07:00:00', '22:00:00'),
(1667, 63, '2', '07:00:00', '22:00:00'),
(1668, 63, '3', '07:00:00', '22:00:00'),
(1669, 63, '4', '07:00:00', '22:00:00'),
(1670, 63, '5', '07:00:00', '22:00:00'),
(1671, 63, '6', '07:00:00', '22:00:00'),
(1826, 23, '0', '11:00:00', '17:00:00'),
(1827, 23, '3', '11:00:00', '17:00:00'),
(1828, 23, '4', '11:00:00', '17:00:00'),
(1829, 23, '5', '11:00:00', '17:00:00'),
(1830, 23, '6', '11:00:00', '17:00:00'),
(1831, 23, '1', '11:00:00', '17:00:00'),
(1867, 41, '0', '18:00:00', '23:00:00'),
(1868, 41, '1', '18:00:00', '23:00:00'),
(1869, 41, '3', '18:00:00', '23:00:00'),
(1870, 41, '4', '18:00:00', '23:00:00'),
(1871, 41, '5', '18:00:00', '23:00:00'),
(1872, 41, '6', '18:00:00', '23:00:00'),
(1880, 89, '0', '09:00:00', '22:00:00'),
(1881, 89, '1', '09:00:00', '22:00:00'),
(1882, 89, '2', '09:00:00', '22:00:00'),
(1883, 89, '3', '09:00:00', '22:00:00'),
(1884, 89, '6', '09:00:00', '22:00:00'),
(1885, 89, '5', '09:00:00', '22:00:00'),
(1886, 89, '4', '09:00:00', '22:00:00'),
(1887, 50, '0', '16:00:00', '23:00:00'),
(1888, 50, '1', '16:00:00', '23:00:00'),
(1889, 50, '2', '16:00:00', '23:00:00'),
(1890, 50, '3', '16:00:00', '23:00:00'),
(1891, 50, '4', '16:00:00', '23:00:00'),
(1892, 50, '5', '16:00:00', '23:00:00'),
(1893, 50, '6', '16:00:00', '23:00:00'),
(1907, 68, '0', '11:00:00', '16:00:00'),
(1908, 68, '1', '11:00:00', '16:00:00'),
(1909, 68, '3', '11:00:00', '16:00:00'),
(1910, 68, '4', '11:00:00', '16:00:00'),
(1911, 68, '5', '11:00:00', '16:00:00'),
(1912, 68, '6', '11:00:00', '16:00:00'),
(1926, 40, '1', '18:30:00', '22:00:00'),
(1927, 40, '2', '18:30:00', '22:00:00'),
(1928, 40, '3', '18:30:00', '22:00:00'),
(1929, 40, '4', '18:30:00', '22:00:00'),
(1930, 40, '5', '18:30:00', '22:00:00'),
(1931, 40, '6', '18:30:00', '22:00:00'),
(2293, 19, '0', '12:30:00', '23:00:00'),
(2294, 19, '1', '12:30:00', '23:00:00'),
(2295, 19, '2', '12:30:00', '23:00:00'),
(2296, 19, '3', '12:30:00', '23:00:00'),
(2297, 19, '4', '12:30:00', '23:00:00'),
(2298, 19, '5', '12:30:00', '23:00:00'),
(2299, 19, '6', '12:30:00', '23:00:00'),
(2562, 31, '0', '11:00:00', '18:00:00'),
(2563, 31, '1', '11:00:00', '18:00:00'),
(2564, 31, '2', '11:00:00', '18:00:00'),
(2565, 31, '3', '11:00:00', '18:00:00'),
(2566, 31, '4', '11:00:00', '18:00:00'),
(2567, 31, '5', '11:00:00', '18:00:00'),
(2568, 31, '6', '11:00:00', '18:00:00'),
(2906, 90, '0', '12:00:00', '17:00:00'),
(2907, 90, '1', '12:00:00', '17:00:00'),
(2908, 90, '2', '12:00:00', '17:00:00'),
(2909, 90, '3', '12:00:00', '17:00:00'),
(2910, 90, '6', '12:00:00', '17:00:00'),
(2911, 90, '5', '12:00:00', '17:00:00'),
(2912, 90, '4', '12:00:00', '17:00:00'),
(2934, 45, '0', '10:00:00', '17:00:00'),
(2935, 45, '1', '10:00:00', '17:00:00'),
(2936, 45, '2', '10:00:00', '17:00:00'),
(2937, 45, '3', '10:00:00', '17:00:00'),
(2938, 45, '4', '10:00:00', '17:00:00'),
(2939, 45, '5', '10:00:00', '17:00:00'),
(2940, 45, '6', '10:00:00', '17:00:00'),
(2953, 61, '0', '11:00:00', '23:00:00'),
(2954, 61, '1', '11:00:00', '23:00:00'),
(2955, 61, '2', '11:00:00', '23:00:00'),
(2956, 61, '4', '11:00:00', '23:00:00'),
(2957, 61, '5', '11:00:00', '23:00:00'),
(2958, 61, '6', '11:00:00', '23:00:00'),
(2980, 20, '0', '18:00:00', '23:00:00'),
(2981, 20, '1', '18:00:00', '23:00:00'),
(2982, 20, '2', '18:00:00', '23:00:00'),
(2983, 20, '3', '18:00:00', '23:00:00'),
(2984, 20, '4', '18:00:00', '23:00:00'),
(2985, 20, '5', '18:00:00', '23:00:00'),
(2986, 20, '6', '18:00:00', '23:00:00'),
(2987, 5, '1', '12:30:00', '16:00:00'),
(2988, 5, '0', '12:30:00', '16:00:00'),
(2989, 5, '2', '12:30:00', '16:00:00'),
(2990, 5, '3', '12:30:00', '16:00:00'),
(2991, 5, '6', '12:30:00', '16:00:00'),
(2992, 5, '5', '12:30:00', '16:00:00'),
(2993, 5, '4', '12:30:00', '16:00:00'),
(2994, 3, '0', '18:30:00', '20:30:00'),
(2995, 3, '3', '18:30:00', '20:30:00'),
(2996, 3, '4', '18:30:00', '20:30:00'),
(2997, 3, '5', '18:30:00', '20:30:00'),
(2998, 3, '6', '18:30:00', '20:30:00'),
(2999, 3, '1', '18:30:00', '20:30:00'),
(3000, 7, '0', '13:00:00', '18:00:00'),
(3001, 7, '0', '18:00:00', '23:00:00'),
(3002, 7, '1', '13:00:00', '18:00:00'),
(3003, 7, '1', '18:00:00', '23:00:00'),
(3004, 7, '2', '13:00:00', '18:00:00'),
(3005, 7, '2', '18:00:00', '23:00:00'),
(3006, 7, '3', '13:00:00', '18:00:00'),
(3007, 7, '3', '18:00:00', '23:00:00'),
(3008, 7, '5', '13:00:00', '18:00:00'),
(3009, 7, '5', '18:00:00', '23:00:00'),
(3010, 7, '6', '13:00:00', '18:00:00'),
(3011, 7, '6', '18:00:00', '23:00:00'),
(3012, 7, '4', '13:00:00', '18:00:00'),
(3013, 7, '4', '18:00:00', '23:00:00'),
(3014, 15, '0', '11:00:00', '17:00:00'),
(3015, 15, '1', '11:00:00', '17:00:00'),
(3016, 15, '2', '11:00:00', '17:00:00'),
(3017, 15, '3', '11:00:00', '17:00:00'),
(3018, 15, '4', '11:00:00', '17:00:00'),
(3019, 15, '5', '11:00:00', '17:00:00'),
(3020, 15, '6', '11:00:00', '17:00:00'),
(3028, 17, '0', '18:00:00', '23:00:00'),
(3029, 17, '1', '18:00:00', '23:00:00'),
(3030, 17, '2', '18:00:00', '23:00:00'),
(3031, 17, '3', '18:00:00', '23:00:00'),
(3032, 17, '4', '18:00:00', '23:00:00'),
(3033, 17, '5', '18:00:00', '23:00:00'),
(3034, 17, '6', '18:00:00', '23:00:00'),
(3041, 24, '1', '18:00:00', '22:00:00'),
(3042, 24, '2', '18:00:00', '22:00:00'),
(3043, 24, '3', '18:00:00', '22:00:00'),
(3044, 24, '4', '18:00:00', '22:00:00'),
(3045, 24, '6', '18:00:00', '22:00:00'),
(3046, 24, '0', '18:00:00', '22:00:00'),
(3061, 32, '0', '12:30:00', '16:00:00'),
(3062, 32, '0', '18:00:00', '23:00:00'),
(3063, 32, '1', '12:30:00', '16:00:00'),
(3064, 32, '1', '18:00:00', '23:00:00'),
(3065, 32, '2', '12:30:00', '16:00:00'),
(3066, 32, '2', '18:00:00', '23:00:00'),
(3067, 32, '3', '12:30:00', '16:00:00'),
(3068, 32, '3', '18:00:00', '23:00:00'),
(3069, 32, '4', '12:30:00', '16:00:00'),
(3070, 32, '4', '18:00:00', '23:00:00'),
(3071, 32, '5', '12:30:00', '16:00:00'),
(3072, 32, '5', '18:00:00', '23:00:00'),
(3073, 32, '6', '12:30:00', '16:00:00'),
(3074, 32, '6', '18:00:00', '23:00:00'),
(3081, 13, '1', '12:00:00', '23:00:00'),
(3082, 13, '0', '12:00:00', '23:00:00'),
(3083, 13, '2', '12:00:00', '23:00:00'),
(3084, 13, '4', '12:00:00', '23:00:00'),
(3085, 13, '5', '12:00:00', '23:00:00'),
(3086, 13, '6', '12:00:00', '23:00:00'),
(3087, 25, '0', '23:00:00', '23:59:00'),
(3088, 25, '0', '00:00:00', '06:00:00'),
(3089, 25, '1', '23:00:00', '23:59:00'),
(3090, 25, '1', '00:00:00', '06:00:00'),
(3091, 25, '2', '23:00:00', '23:59:00'),
(3092, 25, '2', '00:00:00', '06:00:00'),
(3093, 25, '3', '23:00:00', '23:59:00'),
(3094, 25, '3', '00:00:00', '06:00:00'),
(3095, 25, '4', '23:00:00', '23:59:00'),
(3096, 25, '4', '00:00:00', '06:00:00'),
(3097, 25, '5', '23:00:00', '23:59:00'),
(3098, 25, '5', '00:00:00', '06:00:00'),
(3099, 25, '6', '23:00:00', '23:59:00'),
(3100, 25, '6', '00:00:00', '06:00:00'),
(3115, 4, '0', '06:30:00', '11:00:00'),
(3116, 4, '0', '18:00:00', '23:00:00'),
(3117, 4, '1', '06:30:00', '11:00:00'),
(3118, 4, '1', '18:00:00', '23:00:00'),
(3119, 4, '2', '06:30:00', '11:00:00'),
(3120, 4, '2', '18:00:00', '23:00:00'),
(3121, 4, '3', '06:30:00', '11:00:00'),
(3122, 4, '3', '18:00:00', '23:00:00'),
(3123, 4, '4', '06:30:00', '11:00:00'),
(3124, 4, '4', '18:00:00', '23:00:00'),
(3125, 4, '5', '06:30:00', '11:00:00'),
(3126, 4, '5', '18:00:00', '23:00:00'),
(3127, 4, '6', '06:30:00', '11:00:00'),
(3128, 4, '6', '18:00:00', '23:00:00'),
(3141, 12, '0', '13:00:00', '18:00:00'),
(3142, 12, '0', '18:00:00', '23:00:00'),
(3143, 12, '3', '13:00:00', '18:00:00'),
(3144, 12, '3', '18:00:00', '23:00:00'),
(3145, 12, '4', '13:00:00', '18:00:00'),
(3146, 12, '4', '18:00:00', '23:00:00'),
(3147, 12, '5', '13:00:00', '18:00:00'),
(3148, 12, '5', '18:00:00', '23:00:00'),
(3149, 12, '6', '13:00:00', '18:00:00'),
(3150, 12, '6', '18:00:00', '23:00:00'),
(3151, 12, '2', '13:00:00', '18:00:00'),
(3152, 12, '2', '18:00:00', '23:00:00'),
(3159, 16, '0', '17:00:00', '23:00:00'),
(3160, 16, '2', '17:00:00', '23:00:00'),
(3161, 16, '3', '17:00:00', '23:00:00'),
(3162, 16, '4', '17:00:00', '23:00:00'),
(3163, 16, '6', '17:00:00', '23:00:00'),
(3164, 16, '5', '17:00:00', '23:00:00'),
(3171, 21, '1', '12:00:00', '23:00:00'),
(3172, 21, '2', '12:00:00', '23:00:00'),
(3173, 21, '3', '12:00:00', '23:00:00'),
(3174, 21, '4', '12:00:00', '23:00:00'),
(3175, 21, '5', '12:00:00', '23:00:00'),
(3176, 21, '6', '12:00:00', '23:00:00'),
(3177, 8, '0', '11:00:00', '17:00:00'),
(3178, 8, '1', '11:00:00', '17:00:00'),
(3179, 8, '3', '11:00:00', '17:00:00'),
(3180, 8, '4', '11:00:00', '17:00:00'),
(3181, 8, '5', '11:00:00', '17:00:00'),
(3182, 8, '6', '11:00:00', '17:00:00'),
(3183, 8, '2', '11:00:00', '17:00:00'),
(3205, 27, '0', '06:30:00', '11:00:00'),
(3206, 27, '0', '18:00:00', '23:00:00'),
(3207, 27, '0', '12:30:00', '16:00:00'),
(3208, 27, '1', '06:30:00', '11:00:00'),
(3209, 27, '1', '18:00:00', '23:00:00'),
(3210, 27, '1', '12:30:00', '16:00:00'),
(3211, 27, '2', '06:30:00', '11:00:00'),
(3212, 27, '2', '18:00:00', '23:00:00'),
(3213, 27, '2', '12:30:00', '16:00:00'),
(3214, 27, '3', '06:30:00', '11:00:00'),
(3215, 27, '3', '18:00:00', '23:00:00'),
(3216, 27, '3', '12:30:00', '16:00:00'),
(3217, 27, '4', '06:30:00', '11:00:00'),
(3218, 27, '4', '18:00:00', '23:00:00'),
(3219, 27, '4', '12:30:00', '16:00:00'),
(3220, 27, '5', '06:30:00', '11:00:00'),
(3221, 27, '5', '18:00:00', '23:00:00'),
(3222, 27, '5', '12:30:00', '16:00:00'),
(3223, 27, '6', '06:30:00', '11:00:00'),
(3224, 27, '6', '18:00:00', '23:00:00'),
(3225, 27, '6', '12:30:00', '16:00:00'),
(3247, 22, '0', '06:30:00', '11:00:00'),
(3248, 22, '0', '12:30:00', '13:00:00'),
(3249, 22, '0', '18:00:00', '23:00:00'),
(3250, 22, '1', '06:30:00', '11:00:00'),
(3251, 22, '1', '12:30:00', '16:00:00'),
(3252, 22, '1', '18:00:00', '23:00:00'),
(3253, 22, '2', '06:30:00', '11:00:00'),
(3254, 22, '2', '12:30:00', '16:00:00'),
(3255, 22, '2', '18:00:00', '23:00:00'),
(3256, 22, '3', '06:30:00', '11:00:00'),
(3257, 22, '3', '12:30:00', '16:00:00'),
(3258, 22, '3', '18:00:00', '23:00:00'),
(3259, 22, '6', '06:30:00', '11:00:00'),
(3260, 22, '6', '12:30:00', '16:00:00'),
(3261, 22, '6', '18:00:00', '23:00:00'),
(3262, 22, '5', '06:30:00', '11:00:00'),
(3263, 22, '5', '12:30:00', '16:00:00'),
(3264, 22, '5', '18:00:00', '23:00:00'),
(3265, 22, '4', '06:30:00', '11:00:00'),
(3266, 22, '4', '12:30:00', '13:00:00'),
(3267, 22, '4', '18:00:00', '23:00:00'),
(3268, 56, '0', '11:00:00', '16:00:00'),
(3269, 56, '1', '11:00:00', '16:00:00'),
(3270, 56, '2', '11:00:00', '16:00:00'),
(3271, 56, '3', '11:00:00', '16:00:00'),
(3272, 56, '4', '11:00:00', '16:00:00'),
(3273, 56, '5', '11:00:00', '16:00:00'),
(3274, 56, '6', '11:00:00', '16:00:00'),
(3282, 73, '0', '13:00:00', '20:00:00'),
(3283, 73, '1', '13:00:00', '20:00:00'),
(3284, 73, '2', '13:00:00', '20:00:00'),
(3285, 73, '3', '13:00:00', '20:00:00'),
(3286, 73, '4', '13:00:00', '20:00:00'),
(3287, 73, '5', '13:00:00', '20:00:00'),
(3288, 73, '6', '13:00:00', '20:00:00'),
(3296, 65, '0', '12:00:00', '23:00:00'),
(3297, 65, '1', '12:00:00', '23:00:00'),
(3298, 65, '2', '12:00:00', '23:00:00'),
(3299, 65, '4', '12:00:00', '23:00:00'),
(3300, 65, '5', '12:00:00', '23:00:00'),
(3301, 65, '6', '12:00:00', '23:00:00'),
(3302, 65, '3', '12:00:00', '23:00:00'),
(3303, 92, '0', '10:00:00', '22:00:00'),
(3304, 92, '1', '10:00:00', '22:00:00'),
(3305, 92, '4', '10:00:00', '22:00:00'),
(3306, 92, '5', '10:00:00', '22:00:00'),
(3307, 92, '2', '10:00:00', '22:00:00'),
(3308, 92, '3', '10:00:00', '22:00:00'),
(3309, 92, '6', '10:00:00', '22:00:00'),
(3317, 94, '0', '11:00:00', '18:00:00'),
(3318, 94, '4', '11:00:00', '18:00:00'),
(3319, 94, '5', '11:00:00', '18:00:00'),
(3320, 94, '1', '11:00:00', '18:00:00'),
(3321, 94, '2', '11:00:00', '18:00:00'),
(3322, 94, '6', '11:00:00', '18:00:00'),
(3323, 94, '3', '11:00:00', '18:00:00'),
(3324, 95, '0', '11:00:00', '18:00:00'),
(3325, 95, '1', '11:00:00', '18:00:00'),
(3326, 95, '2', '11:00:00', '18:00:00'),
(3327, 95, '3', '11:00:00', '18:00:00'),
(3328, 95, '6', '11:00:00', '18:00:00'),
(3329, 95, '5', '11:00:00', '18:00:00'),
(3330, 95, '4', '11:00:00', '18:00:00'),
(3331, 57, '0', '13:00:00', '22:00:00'),
(3332, 57, '1', '13:00:00', '22:00:00'),
(3333, 57, '2', '13:00:00', '22:00:00'),
(3334, 57, '3', '13:00:00', '22:00:00'),
(3335, 57, '4', '13:00:00', '22:00:00'),
(3336, 57, '5', '13:00:00', '22:00:00'),
(3337, 57, '6', '13:00:00', '22:00:00');

-- --------------------------------------------------------

--
-- Estructura de tabla para la tabla `hoteles`
--

CREATE TABLE `hoteles` (
  `id` int(11) NOT NULL,
  `nombre` varchar(120) NOT NULL,
  `clave` varchar(10) DEFAULT NULL,
  `propiedad_id` int(10) UNSIGNED DEFAULT 1
) ENGINE=InnoDB DEFAULT CHARSET=utf8;

--
-- Volcado de datos para la tabla `hoteles`
--

INSERT INTO `hoteles` (`id`, `nombre`, `clave`, `propiedad_id`) VALUES
(1, 'Grand Oasis Cancún', 'GOC', 1),
(2, 'Grand Oasis Palm', 'GOP', 2),
(3, 'Grand Oasis Tulum', 'GOT', 3),
(4, 'Grand Oasis Sens', 'GOS', 4),
(5, 'The Pyramid', 'PYR', 1),
(6, 'Smart Cancun by Oasis', 'SMART', 5),
(7, 'Oasis Palm', 'OP', 2),
(8, 'Oasis Tulum', 'OT', 3),
(9, 'Oasis Cancún', 'OC', 1),
(10, 'The Sian Ka\'an at Grand Sens', 'SKS', 4),
(11, 'The Sian Ka\'an at Grand Tulum', 'SKT', 3),
(12, 'Oh! Cancun The Urban Oasis', 'OH', 5);

-- --------------------------------------------------------

--
-- Estructura de tabla para la tabla `locaciones`
--

CREATE TABLE `locaciones` (
  `id` int(11) NOT NULL,
  `locacion` varchar(120) NOT NULL,
  `hotel_id` int(11) NOT NULL DEFAULT 1
) ENGINE=InnoDB DEFAULT CHARSET=utf8;

--
-- Volcado de datos para la tabla `locaciones`
--

INSERT INTO `locaciones` (`id`, `locacion`, `hotel_id`) VALUES
(1, 'Beach Club', 1),
(2, 'Red Circus', 1),
(3, 'Kinky Night Club', 1),
(5, 'Alberca F1 / Pool F1', 1),
(6, 'Playa F1 / Beach F1', 1),
(8, 'Havana Night Club', 1),
(9, 'Oasis Arena', 1),
(10, 'Aula Mirador / Terrace Beach Front', 1),
(11, 'Oasis Beach Club', 1),
(12, 'Jardín F1 / Garden F1', 1),
(13, 'Campo de Golf / Golf Course', 1),
(14, 'Cancha de Tenis / Tennis Court', 1),
(15, 'Piscina F2 / Pool F2', 1),
(16, 'Benazuza', 1),
(17, 'Backstage Barlovento', 1),
(18, 'Sian Ka\'an Beach Club', 1),
(19, 'La Placita', 1),
(20, 'Coyote Loco', 1),
(21, 'Fontainebleau', 1),
(22, 'Black Hole', 1),
(23, 'Gym', 1),
(24, 'Marina', 1),
(25, 'Piscina F1 / Pool F1', 1),
(26, 'testingjios', 1),
(27, 'Hippie Chic', 1),
(28, 'Red Casino / Kinky', 1),
(29, 'Alberca Ibiza / Ibiza Pool', 1),
(30, 'locacion palm', 2);

-- --------------------------------------------------------

--
-- Estructura de tabla para la tabla `propiedades`
--

CREATE TABLE `propiedades` (
  `id` int(11) UNSIGNED NOT NULL,
  `nombre` varchar(50) DEFAULT NULL,
  `url` varchar(50) DEFAULT NULL
) ENGINE=InnoDB DEFAULT CHARSET=latin1;

--
-- Volcado de datos para la tabla `propiedades`
--

INSERT INTO `propiedades` (`id`, `nombre`, `url`) VALUES
(1, 'Cancún', 'cancun'),
(2, 'Palm', 'palm'),
(3, 'Tulum', 'tulum'),
(4, 'Sens', 'sens'),
(5, 'Urban', 'urban');

--
-- Índices para tablas volcadas
--

--
-- Indices de la tabla `calendario`
--
ALTER TABLE `calendario`
  ADD PRIMARY KEY (`id`);

--
-- Indices de la tabla `categorias`
--
ALTER TABLE `categorias`
  ADD PRIMARY KEY (`id`);

--
-- Indices de la tabla `centros_consumos`
--
ALTER TABLE `centros_consumos`
  ADD PRIMARY KEY (`id`,`categoria_id`),
  ADD KEY `fk_centro_consumo_categorias1_idx` (`categoria_id`);

--
-- Indices de la tabla `centros_consumo_detalles`
--
ALTER TABLE `centros_consumo_detalles`
  ADD PRIMARY KEY (`id`),
  ADD KEY `fk_centro_consumo_detalles_centro_consumo1_idx` (`centro_consumo_id`),
  ADD KEY `fk_centro_consumo_detalles_hoteles1_idx` (`hotel_id`);

--
-- Indices de la tabla `centros_consumo_horarios`
--
ALTER TABLE `centros_consumo_horarios`
  ADD PRIMARY KEY (`id`),
  ADD KEY `id_centro_consumo_detalles` (`centro_consumo_id`);

--
-- Indices de la tabla `hoteles`
--
ALTER TABLE `hoteles`
  ADD PRIMARY KEY (`id`),
  ADD KEY `propiedad_id` (`propiedad_id`);

--
-- Indices de la tabla `locaciones`
--
ALTER TABLE `locaciones`
  ADD PRIMARY KEY (`id`),
  ADD KEY `hotel_id` (`hotel_id`);

--
-- Indices de la tabla `propiedades`
--
ALTER TABLE `propiedades`
  ADD PRIMARY KEY (`id`);

--
-- AUTO_INCREMENT de las tablas volcadas
--

--
-- AUTO_INCREMENT de la tabla `calendario`
--
ALTER TABLE `calendario`
  MODIFY `id` int(11) NOT NULL AUTO_INCREMENT, AUTO_INCREMENT=1504;

--
-- AUTO_INCREMENT de la tabla `categorias`
--
ALTER TABLE `categorias`
  MODIFY `id` int(11) NOT NULL AUTO_INCREMENT, AUTO_INCREMENT=6;

--
-- AUTO_INCREMENT de la tabla `centros_consumos`
--
ALTER TABLE `centros_consumos`
  MODIFY `id` int(11) NOT NULL AUTO_INCREMENT, AUTO_INCREMENT=96;

--
-- AUTO_INCREMENT de la tabla `centros_consumo_detalles`
--
ALTER TABLE `centros_consumo_detalles`
  MODIFY `id` int(11) UNSIGNED NOT NULL AUTO_INCREMENT, AUTO_INCREMENT=999;

--
-- AUTO_INCREMENT de la tabla `centros_consumo_horarios`
--
ALTER TABLE `centros_consumo_horarios`
  MODIFY `id` int(11) UNSIGNED NOT NULL AUTO_INCREMENT, AUTO_INCREMENT=3338;

--
-- AUTO_INCREMENT de la tabla `hoteles`
--
ALTER TABLE `hoteles`
  MODIFY `id` int(11) NOT NULL AUTO_INCREMENT, AUTO_INCREMENT=13;

--
-- AUTO_INCREMENT de la tabla `locaciones`
--
ALTER TABLE `locaciones`
  MODIFY `id` int(11) NOT NULL AUTO_INCREMENT, AUTO_INCREMENT=31;

--
-- AUTO_INCREMENT de la tabla `propiedades`
--
ALTER TABLE `propiedades`
  MODIFY `id` int(11) UNSIGNED NOT NULL AUTO_INCREMENT, AUTO_INCREMENT=6;

--
-- Restricciones para tablas volcadas
--

--
-- Filtros para la tabla `centros_consumos`
--
ALTER TABLE `centros_consumos`
  ADD CONSTRAINT `centros_consumos_ibfk_1` FOREIGN KEY (`categoria_id`) REFERENCES `categorias` (`id`) ON DELETE CASCADE ON UPDATE CASCADE;

--
-- Filtros para la tabla `centros_consumo_detalles`
--
ALTER TABLE `centros_consumo_detalles`
  ADD CONSTRAINT `centros_consumo_detalles_ibfk_1` FOREIGN KEY (`hotel_id`) REFERENCES `hoteles` (`id`) ON DELETE CASCADE ON UPDATE CASCADE,
  ADD CONSTRAINT `fk_centro_consumo_detalles_centro_consumo1` FOREIGN KEY (`centro_consumo_id`) REFERENCES `centros_consumos` (`id`) ON DELETE CASCADE ON UPDATE CASCADE;

--
-- Filtros para la tabla `centros_consumo_horarios`
--
ALTER TABLE `centros_consumo_horarios`
  ADD CONSTRAINT `centros_consumo_horarios_ibfk_1` FOREIGN KEY (`centro_consumo_id`) REFERENCES `centros_consumos` (`id`) ON DELETE CASCADE ON UPDATE CASCADE;

--
-- Filtros para la tabla `hoteles`
--
ALTER TABLE `hoteles`
  ADD CONSTRAINT `hoteles_ibfk_1` FOREIGN KEY (`propiedad_id`) REFERENCES `propiedades` (`id`) ON DELETE CASCADE ON UPDATE CASCADE;

--
-- Filtros para la tabla `locaciones`
--
ALTER TABLE `locaciones`
  ADD CONSTRAINT `locaciones_ibfk_1` FOREIGN KEY (`hotel_id`) REFERENCES `hoteles` (`id`) ON DELETE CASCADE ON UPDATE CASCADE;
COMMIT;

/*!40101 SET CHARACTER_SET_CLIENT=@OLD_CHARACTER_SET_CLIENT */;
/*!40101 SET CHARACTER_SET_RESULTS=@OLD_CHARACTER_SET_RESULTS */;
/*!40101 SET COLLATION_CONNECTION=@OLD_COLLATION_CONNECTION */;
